feature_0,feature_1,feature_2,feature_3,feature_4,feature_5,feature_6,feature_7,feature_8,feature_9,target
0.1945754429921935,0.2423917758387395,-0.6347304069748891,0.9537753150304753,-1.3367657079408144,-0.5474435941185622,-0.07884640693891276,0.6787629483115535,-1.3021069099121,0.20519185370508564,0
-1.1492366061527417,1.6344035888430248,-1.3801549591403517,-0.1127384845877728,0.06628417391577734,0.5301302000902648,0.8449944345518463,1.8478240341341134,-0.5701095469609061,-1.2778707703525851,0
-1.7784879041524058,-0.9704030400581871,-1.829073381865546,0.16120836590686616,0.3029660764969827,3.1164873618102287,-1.8340582886051617,2.1272921510498968,-0.9402139779992729,-0.07378923000356885,1
-4.804334922032892,-2.2955935020491993,-3.400610777294613,-2.7084040102880014,-0.5348338740773878,3.4057728321394065,-1.8031445665139154,6.789684039624019,1.172751061601501,-2.4824344204339646,1
3.6368357246241145,-0.28819529287654033,3.4652351331160247,0.29348279456517345,0.3827881056411201,0.2683088343923211,0.44364512328791805,-0.6767395032386709,-0.688075069191679,-1.736375996319641,0
-1.7205524442637263,0.7986054968488482,-3.9334361397514455,1.7111102577793817,-1.8672941335824096,-2.7256854882326307,1.9382602304359446,0.5598654449750603,-1.8481622729820981,-0.20223064339463903,0
-2.2977390965027498,-3.814811096714013,-4.3170751374160865,-2.7586854940874446,-0.12843434542424315,2.0357086735702614,-0.027937722762859662,5.274746679663815,-2.6890217976346324,-2.9316592533351713,1
0.9360780403338995,0.9346898376585664,-0.6076647569412916,-1.0094975923846379,1.7577608768082373,0.9091771208976145,1.3062028501900071,0.4712553792737345,-2.203635163151098,-1.434808261730946,1
-0.0987135393968765,-0.3574831654252941,0.319108080406763,-2.8040854867620033,-0.45933398714373874,-2.460092467469372,1.0441047069594467,3.256698423489043,1.75892844344337,-2.8814062329665022,0
-1.4793929952024705,-3.355476102315841,-1.9288155851379072,-3.021584281203224,-1.038654180116101,-0.7478901680716954,1.6264181448380692,2.374354601799481,-0.1276397224451562,-1.9069079836730118,1
-1.3967185667473236,-0.20969289324266183,-0.9521053577123664,0.7604949225318403,0.9658013194754629,1.227371312201904,0.9608478317657596,-0.7651089052760558,0.6982935998956621,-1.0019628586856033,0
0.4348352624055555,-0.6710982941074888,-1.0852951814720675,-0.14091620974976893,3.0844501345307074,0.9050586010082845,-0.07797077515809225,-0.0029827089859741462,-0.7829281047892206,-1.933857183634867,1
1.5013661615979206,-0.5991958174356573,-0.4262982538535146,0.8404234390019274,0.3942713432532394,-1.5448692139942044,2.5084795070044725,-2.7099063851034932,-1.7801874574133603,-0.4948761330102849,0
0.3226170131762673,-1.2233199441644498,0.2893135835842433,-1.5108562041647247,0.5203609439816762,1.4975756294033402,-1.8654863395373744,2.3950168941958236,-0.39209547072644213,-0.6109684240613493,1
-1.2580419896199642,2.467612794361059,-3.4069374348062,1.8490732770709706,1.7118024769592217,-1.0775192463278125,0.03982337785339218,1.4703645808158228,-0.9611049099852992,-1.6712682925843902,1
1.0061532956805204,1.4183193144203727,0.35242751364251124,-2.7245677356064606,-3.1745123725370137,-0.9667380619835317,2.3989222212277372,4.370806934617904,-2.6193113949168065,-1.862944455448436,1
-1.095086584772654,-0.4613047635619001,-0.9703082997042142,-0.013023576116905522,-1.2116584367928125,1.9293110869254413,0.02818022047369806,2.3657643871133374,-1.0953268541257906,-1.0244307282853726,1
-0.6248067949294327,0.0906508843234366,1.0555308837114814,-1.8009913827943966,1.441267476238695,1.595801445504108,0.9299072579161988,-0.3260128087666798,1.681644006804693,-0.828764256006641,0
0.8517835733609752,-1.5027638534528656,0.9319208018351108,-3.7434227793067176,-1.1446058257868188,2.8989198359520656,-0.24913044818941144,3.4193942055648674,-2.5087148663688525,-0.4051897748805068,1
-0.9462158005208053,1.4202451019758333,-1.6288782857409971,0.2538161382822185,-1.3680981119713453,-0.6575726196678983,0.7963236802840465,0.5965707925477765,-1.3646009887569546,0.9269167265673405,0
-0.9010393434304946,2.644711138502585,0.8899651178689063,5.222994120785566,-1.520034269809427,-1.5705789802973265,0.41382065320487316,-1.878676843972095,3.0236442839437565,-0.4474761610582263,0
-0.500142337417651,-0.48914980424965426,1.0781199309690557,-2.0222582881413924,1.3007422499338828,0.4524508068703532,2.183097523132279,-0.5867256930853975,2.177482833519601,-1.9246306169402874,0
-3.07391159132987,-2.4569101463510075,-3.2032366331506847,1.9870244348851873,2.0163275994417305,0.11668348614118873,0.43287577851695136,-2.5068011076824477,2.0303401138915893,-0.6435848888418692,0
-1.6114062794976167,-0.3394567101061845,-0.5190552851874775,-0.8855172960481527,1.662336777723219,1.5393931673448118,-0.027465195129716236,0.12889931351889208,1.6073393992895129,-0.7271872653573482,0
-0.5065386697635919,6.076374804342395,-0.0753221939972164,3.8253147989942415,-0.41849729141923375,1.0274880023920772,0.532155236660723,2.097204420769057,-0.38833560863013683,-2.081966064809725,1
-0.06961601563436827,-2.005091263936031,-1.4467391629488362,-2.1139346159371204,1.0475135765667847,1.3466887510586074,0.4051564569343299,1.1207138988703238,-1.9734770805915085,-0.8884311786713514,1
-2.887530085962221,-1.0721954779270564,-4.0842318987828,-1.5214479129844196,-1.9722089142056434,-1.4428326220676482,1.532917555385436,2.813650763420223,-1.142819935912252,-0.5952267992101999,1
-1.1705228406314303,1.6900259835199127,1.2554214549391518,-1.1791595745676196,1.6209395662619306,0.3090795087325522,1.953168603102626,-1.2789844821721759,3.290670318941406,-1.0205377680835854,0
0.8979796159684151,-1.2487654857482515,-1.1546242770951753,0.9472696459836514,-0.766042651473919,-1.1789484178745524,2.960691972671655,-1.8160610351192352,-2.4492442358723885,-0.8959597396529844,0
-0.2385808590640236,1.7003888210032585,0.33978910436339826,-1.4113105024726016,-0.07346481521972814,1.0036461448446166,1.4242184844526207,-1.08662221807184,-0.8003996719748175,1.64798439868314,1
-4.347498204014197,1.6721072752552013,-2.884562094571843,-0.7472223105294602,1.7895747793525834,1.3674909399536304,1.5798208796615498,-0.17339839133116486,2.1752846151005194,-0.2672093553223682,1
-1.1943867076793215,0.632282848208344,0.9232258253179333,-0.5689829231796995,-0.4784018136173981,1.522109362733775,1.0348979405319205,-0.5680725550063753,1.425747278335316,0.3212295938375638,1
-2.4294696426395817,-0.16162768716353382,-3.309631887011632,2.3902800312292714,-3.276922572177037,-1.8100528005933705,0.6991339966539949,1.5969694420668488,-0.7390472312100611,-0.18060613238206158,0
-3.5151873047459627,2.5470118813605795,-2.9678069756931595,0.031123672515762424,-3.435462465299375,-0.011856017555093468,-2.1328748827015946,4.267596198991356,-0.5962808250843218,2.6984989408301647,0
-3.142326729664558,0.7111314481068041,-1.0614851406349588,-1.8099317360745628,-0.6237251206755596,0.32440778939132864,1.8613783814604146,2.8493180363733894,2.5400932382337693,-2.455697180497131,0
-3.9608001261412373,1.1718629763101338,-2.1336615985451375,-1.4909562285465583,4.75974149670817,2.4859351455668546,3.494412171362051,-5.654009370634336,2.65440389646008,1.403359623626336,0
1.1111907538765589,0.7887909292886418,0.7645334356719238,-1.8293555058268685,-0.2127970558281027,0.5790921037992964,-1.7000418379131275,-2.100077651877145,-2.0686534657480866,5.548794390575551,0
-1.5961681524329658,-0.6375934656268167,-0.3298015555482626,-0.8001000908801277,-2.043056596486437,-2.0164971905975575,2.853207667810476,1.66670823323205,2.2064014638803244,-2.874637100388738,0
-0.5778464408709845,0.4917889327328119,-1.7830553490920271,0.2822210683192853,-0.7316546502414765,-1.346872510661577,2.2109930525721913,-1.298790631864123,-1.433051728336837,0.6412299137248458,0
-1.5475445565325392,-0.22389822891834,-2.9437673127637822,-1.3812449632904227,-0.8853578906566136,0.1133714422574772,1.385074292585828,2.3873791876820545,-2.1863190367840963,-0.79346496259211,1
-2.8845256085339455,1.189238109378578,-1.4751733613899702,-3.7129023940922408,-0.4617238420794787,0.769816106806306,-1.6209560533278435,5.817834904558784,1.3621476244583293,-0.5604833124733519,0
-2.2212802929161928,0.8759536353342229,-2.3361102346289293,2.2931144273336477,0.5861918437080809,0.23014755466442538,2.3940823839849115,-1.33936916750668,0.46508504393077277,-1.5086566400597214,1
-0.8926940214358234,0.5714314250220924,-3.0416268304988305,1.9139274968938162,3.426885400732236,-0.0980168490961375,1.5293317495154557,-1.4695715740269606,-0.6692596470062848,-2.310837373310092,1
-0.3750560275587936,0.4160462581236499,-0.7406739216374527,1.7153548106749672,-2.0594445305765636,-0.38556599425489535,0.862010635243885,0.1471001424650543,-1.0646665593414857,0.0466265201891245,1
-0.8834522590594555,1.8204737460185538,1.4009248524245783,-1.6649414627658785,-1.1388137153054063,0.8617656592413194,1.4828951380559616,0.8486044878847855,1.3072658166047946,-0.05185684171898597,1
-2.299853852690581,1.6230217432470542,-0.8471594478047638,-2.027433938516963,3.565377786756425,1.599512001260679,2.7686856190194193,-2.9884833798658774,1.9679022417960592,0.2041459477850538,0
-0.6209860032255474,2.2826649100823917,1.2122904290106753,0.2772890009545831,-0.6750727270134436,0.3680751118016692,-4.172358005758048,0.4849857034002889,1.6446277941529686,4.177328038461795,0
-0.5342398212725755,2.639787708245294,-1.3899257083955825,1.7080941408868817,0.944780002408697,1.6117561117193928,0.16631699725431426,1.4431562537305263,-1.519705972835832,-1.4862361786670721,0
3.2013410807583944,1.9927133597742002,2.4045805083691696,-0.9513161127522909,-2.0224882361141194,3.1093803517089222,1.6910645798346104,-0.6500256824920905,-5.517926621200579,2.0964530645778305,1
-0.8650202842008109,0.23205994694515164,-1.648617883365141,2.3180073778025565,1.7732641260798854,0.623672378919817,0.7539438109492145,-1.7098632493057229,-0.07316787829849702,-1.0169920134794825,1
-2.1897675772752603,-0.3976698368389322,-2.6982441437693145,-1.5701812222219114,-0.6440990444099829,2.3633249899150277,-0.10094533567984265,4.361706602122244,-1.813647176068327,-1.4997878827173716,1
-4.565519384502067,-1.7492609521098934,-2.0603233353489463,-2.4828604912782586,-0.8985870262460915,1.7903003635290156,-0.6469360725280717,4.019842275600366,2.8965658659921867,-1.1914557276047175,1
-1.0283904820443122,-2.92197149685796,2.582753186575058,5.481458611495958,0.3495162845173414,3.8456788602392464,-0.9980897488728631,-6.787762018396916,3.8227581070188723,1.7053275721459311,1
-0.169534147016384,2.5346513165026603,0.19681701259051687,1.70189040554648,0.47297264652929816,1.3487571025616596,1.291444336558189,-0.08922302127547081,-0.2631084709837065,-1.431494179908424,1
-0.7054037724315985,0.7863489825204528,-1.869225402365251,0.7859696107207019,0.5863281228408463,0.4364289079468745,1.2072321806318043,1.707565613176858,-1.1510042425972222,-2.6337703358052766,0
-2.7724958674826157,0.33932122061223746,-5.097172679332954,4.26697886067646,-2.0692499277804766,-4.625014391666239,0.967222822695798,1.9879107178395305,0.21384498035822963,-2.5144043747010825,1
-1.0911153933734998,-0.968639817981376,0.2843721701451185,-0.8995078426726769,2.1828954308699826,1.0054283357645435,1.0228840323717856,-3.918907041845014,2.0259349162830893,1.4235965501348393,0
-0.9145350473080547,-2.0607487361706105,-1.7748190420163008,-1.0115073772119079,1.6322655069998966,1.5682898227680604,2.8576678807541374,-1.9308704139381558,-1.1968585291267295,-1.1378935069685814,1
1.6054223782972503,1.6475036886244456,0.8249249302407562,0.3805865374862385,1.0775175639187664,2.056123081567348,4.3223708797355025,-3.0899212848510627,-2.8312326361519715,-1.0430170293535417,1
-3.965966893676528,1.584352152541967,-3.712542511060552,-1.162010916713642,2.7196138720976073,2.3622895210005037,2.3436421091226403,-0.6304868160765031,0.22088631113343649,-0.3430099486221193,0
-1.4979130333082238,0.9825017721213058,-1.1331060679511122,-0.39336392465343895,0.3647539495134622,-0.9187545555813004,3.234034805926272,0.48351943229385075,1.19547994012999,-2.873583458957832,1
0.5092367881474915,1.0583063607343997,0.3763126296666566,-1.958347021128683,-1.4869295151014477,0.8804111858443473,1.7780197984730737,2.4925396242300537,-2.033050667951183,-1.1757489790422735,1
-0.14246980441439155,2.5303013931124214,-0.4109569531270484,-0.7986533755349992,0.4900720300081445,-0.061652602722041316,4.614098024424331,-3.009015775260852,-1.384358485075614,0.42744308125522246,0
-0.48666797848454074,-3.1202061578076417,0.4463976281621378,1.8869716043060953,-0.37276008779215175,2.4558971007966504,-0.3081481165599278,-1.454876064030806,0.5589121024794179,-0.5544861858532987,1
-0.9980657528149761,2.511546664380611,-2.1319273375190386,4.46483246309916,2.136744177280222,-0.10691291993448315,3.004196740403214,-4.019388614680235,-0.28362970462662274,-1.2928294987185516,1
-0.192872486366879,-1.783490898761976,0.46083960097986765,-0.40818368526927395,-0.7372117688893136,2.381262322337034,0.9441675464169642,-2.2155017469112965,-1.0568433908625445,1.680861109724245,1
-2.471000513515753,1.4579745171577578,-0.5401412492759998,-1.9081749448599326,1.5764864996756769,1.8381167434311503,1.7750808298154195,0.15865809367210637,1.933397960592325,-0.863413044116141,0
1.3585825497920585,-0.6808054608703888,0.6255928349674693,0.7856407681712765,-0.7282133851239252,2.398681580494479,1.1216964755528773,-0.3587152014957448,-2.846217487850331,-0.6787488156630954,1
1.093426867332438,1.0029522546772611,0.30865445053550267,-2.6854198938550025,1.4878680610088084,0.33398684091708475,2.339040565020033,-2.8517005983663513,-1.9751212117690953,2.0197294695502515,0
-0.821948095110678,-0.5445808807363517,0.16923280062668145,-0.9669935439515785,-1.9030709104077332,-1.673942218277821,1.3879592877608131,2.703297376118259,1.715499480219062,-2.667782834478374,0
-1.2538360002662874,6.6954533658354665,-1.7166797138677778,5.992239762979084,2.3371243324236586,0.053030229126724615,2.1299749833035424,0.04707062376797573,0.7447482436958097,-4.337611868945576,1
0.670770320749977,-1.1451283501636005,3.8602380605246625,-2.097362852249846,1.7531804729016207,2.0012941797965906,0.1167059807367875,-2.984850582537313,3.2770776434837416,0.8351735476221267,0
-1.5146156285977814,3.3609922740046114,-0.7158139909518286,-1.9881863370227495,1.4777453862972278,1.200327034745436,1.640405490909567,3.5275440724759792,0.6723386917863841,-3.1787440350808325,0
-1.3521385991706623,1.142349869766775,-1.4201103511552966,1.5061932739210127,-0.7330198608700627,-1.646332761027951,1.712400242649505,-1.3235851565454635,0.5684336639200402,0.21125534384188638,0
-1.1510227736801792,1.052343317501553,-1.818277433716828,-1.1901196090951855,-2.261640389857412,1.1208618003391306,0.5699648927166154,4.72704187691444,-2.5448905142472467,-1.2920544244032968,1
0.7594844626606698,-0.7584569343108751,0.02794205912409886,2.3861038181586505,-1.2251050056488058,-0.9284843792327399,1.5152109798900342,-1.3139916463521135,-0.7083630903685342,-1.1100816817811974,0
-6.342911743443973,2.277633346981613,-3.0022147089605564,-3.613702112172399,3.159448003240798,3.2050288004353993,2.1285022658452935,-0.655373924904237,3.730097898624354,0.9983664819466167,0
-4.514036074225069,2.8194075216628915,-3.449818944557878,-1.3083267367877707,1.8749930132765,2.40930712536988,1.8762629166174363,1.9672467674027472,0.9849207511442017,-1.4964357840194857,0
-1.1870120789832135,-1.887292459778275,-2.5155080194687462,-0.06962172859790483,0.19670572385561014,0.7198755899660594,1.387207842360937,-1.5118355340316134,-1.811943274437418,0.6594101192006021,1
-3.322894292954183,2.494000764957544,-2.871588292045574,3.224620829986331,1.1594801191824182,-0.19803771918641444,0.260209574885076,-2.082690568231641,1.7634029048721747,0.9905792475924498,1
-1.4562618516988242,-0.45960680771030016,-3.2872119105220086,1.247768483168798,3.3264983829353145,-0.03349806287012025,3.008217273052992,-0.9461848402619327,-0.11482047735242717,-4.131389402069775,1
0.7076000045066239,-2.0852243523426957,0.7034633677747493,-0.36965261243345804,0.3284812118730609,2.206364675614232,0.9599870055810732,-2.4791784544991073,-1.3172888129886515,0.835733356107041,1
-3.1978200121757117,-2.664657352175107,-1.1203925526189096,0.7684421865890304,-2.4041706304745576,1.7931785976475223,-0.252742359135649,-0.975433715528121,1.4410348212995179,1.9908755216917395,1
-2.2651205311231823,-1.8523409406716849,-0.10099127078637837,-4.469025250375877,-0.641799308913693,3.1569151985499557,-0.46021953244312686,6.26547816762948,1.2826189367191758,-3.158415938255147,1
-2.0678901606789095,1.2198597062236347,-1.4638213660409904,1.5222763962222927,-1.6952051073057617,-0.8262424680637299,0.6904382292144206,0.7231179644190877,0.8495833962408521,-0.11256204423356042,0
-1.0306638247918536,0.6835548608441211,-2.01337674124684,2.4707008895262823,-2.813339814535027,-1.884109143203754,-1.8504678568738409,0.4031889317845791,-1.0954730486222304,2.9202689062886975,0
-2.7446396992444946,-2.3428909741114916,-2.5618879897300415,-3.5868816710525997,0.33210395956686023,2.422718592953199,-0.1341406828809193,4.737405615799035,-0.2378293429371493,-2.334690418941443,1
0.3292861225671984,-2.726759346129617,0.08086055256583458,-3.130741568333028,-1.3999619250438846,0.17132805444986,1.5783510825193103,3.0111856768300056,-0.9763582098581174,-2.5670977928618024,1
-2.269456602234606,2.3062842807316484,-1.8597125818037112,0.9997723110126528,-2.8327570119300916,-0.23059495298638277,-3.4210022987534243,3.9613221115280344,-0.20940930207343422,2.4469626082985485,0
-4.440628023870968,0.5482744195587774,-5.1909017283762005,-2.4890662026740804,-1.4379463693497625,1.3186816238408152,-0.33958267463501524,6.801365796912034,-1.6717794428659227,-1.22105546723715,1
-4.5978750151773164,-0.5843176126030863,-4.404264195447129,-2.1052158567514736,-2.824406103389637,1.6660525922042764,-1.5084245078533347,8.903963085126243,-0.6641856684547967,-2.410793285925384,1
3.18129329932907,0.6983685649579787,1.2135933985300742,-0.9427547001991099,2.9012800906412575,-1.4780915442769742,1.0107438999258642,-6.19926964061062,-1.9498635528390136,3.75579469733821,0
-4.92090900875018,1.390560800816632,-2.145226415914437,-0.6867321756014546,-0.9977736568448458,-0.016314391898033964,0.4595011879488221,0.8712681128860884,3.5637812778896887,1.1229577062806242,1
-5.03165848557826,-1.4213982192279908,0.9076817419466767,-4.042179362009312,-2.44031377436687,1.4569454720531978,-0.6983662832521764,2.8160727549508606,6.296872096706303,0.9381600694094012,0
1.5131109708800825,0.9152696855694258,-0.6914882816602497,-1.1390607743856362,2.724470790938857,1.0850351346869584,2.270557833396281,-0.17920274422318389,-2.885701171970594,-2.22510989341173,1
0.7187554038540621,5.76624544773826,-0.8786764691723705,-1.1877588498846259,0.3986708090888268,0.30293298746757313,-1.5124903703566663,9.121980258013911,-2.3919497016811695,-4.45704410414998,0
2.1963694768131785,1.5918943811608028,0.7785448299130662,0.846788807085552,0.6817880507089316,-1.0667379356704694,1.8302869777687398,-4.116275228644494,-2.0520820414875955,1.956273728195569,0
3.036681634459429,0.07563452006627502,0.6008162143395719,-0.4332159434493519,2.2011050202597926,-1.3518777951002139,3.956817795036432,-5.343445779587152,-2.6927440759165426,0.3356371615089647,0
-3.1985752657705966,2.398291215830768,-1.5201864157795866,0.08785361202185071,-1.4268044850329304,1.1840336818695292,1.9982412676541506,4.1973025605229575,1.2800867855293943,-3.500100096676704,0
-0.5336514533497947,-0.963739423479246,-0.2529385097055131,2.933077983727183,-0.6791108148693841,-1.275007478205449,3.1432851303427194,-1.6559122828844584,1.4929141488174849,-3.319505299204076,0
1.5030713436637035,-0.13040421066441565,-0.3299330892149861,0.34711463320867375,0.8545378150770062,-1.6869470058227405,3.0260140463017247,-4.611501733888608,-1.8442286663667078,1.1616600364327374,0
-2.8280247263858302,-1.2722285054745186,-1.8453836727722877,-2.9698146716922453,-1.613096410230413,0.2806996060217739,0.6691171479786426,4.36497054645983,0.900050422548611,-1.757226843694637,1
-4.933924214528473,1.0329772569051991,-6.267271200007571,-6.525595255109965,-1.5174682899520988,0.016446982464974558,0.6369205331548786,10.680741279514024,-2.123941178792604,-2.8244214770654175,1
1.211961359645712,-5.32922880582963,0.1956169031140933,0.6137002061550383,0.8203364361648275,3.128858289912973,0.5354694480553313,-1.674084946464792,-1.9143221439056617,-1.7724087209184578,1
0.4073114153433136,-0.5290529613722961,-0.9964821029023248,-2.64431055629168,1.5083096408250518,1.5146049087867164,-0.9465703355155881,2.8350640158798446,-2.095594152581235,-0.9165183757286598,1
1.399482720739545,3.620289498676228,-0.7315362876085629,1.6100739579653536,2.220461577796106,0.31147035916469534,0.9741313974204928,-0.6510994702329821,-2.591409646238756,-0.866488644562476,1
-2.7237325014051574,2.374155972104912,-2.073740266177238,3.3835546148337463,-0.8007640136005842,0.33016997339791165,-1.151604164772373,1.6796864981725772,1.1768604058070284,-0.48725510613556466,1
-0.49058175744567395,-2.1787658813092277,-1.3059662653580024,-1.139737693082083,1.3144685208701894,1.6488807095812168,0.06980917434412992,0.44054637281927184,-1.0040046886708178,-0.9322249422316276,1
-2.306889122215041,0.7888900078594803,-4.021787312786503,2.6300247233265193,3.1927359411441625,-0.14863233532136522,2.1270639868389325,-1.264092014149772,0.1721723250446714,-2.9661563960529915,1
-4.211998174481751,1.275810040863715,-2.304092641209564,-3.2481244775504323,-1.9191234813158409,0.03450749713024992,1.3294980806170593,7.002714642849152,2.0827059256429004,-3.5234469411952816,0
-2.3110045758044766,-0.2078923646235229,-3.2311067670096754,-1.7370055534053108,-3.2784825298631515,1.2216422240669162,-0.3983199369927928,7.876597213366552,-2.684213080166379,-2.4608743819634142,0
1.9526597236326557,-2.6952173805943547,-0.22540115865047972,-0.5769286796657623,-0.9010010521992132,-3.1011099318311404,4.528590743307026,-4.293265352088914,-2.110701672643782,0.0900520892197696,1
3.0991652393700972,-3.0165600906773204,1.431362367654518,1.397800885082681,-2.074533033586115,0.9386602744836646,1.4822177055377155,-0.5068728763380358,-3.5682217916485954,-1.7203067750404721,1
-5.518908761370934,-1.3276389112546245,-4.162318861058912,-3.6894297084682974,-1.4498037967659607,-0.9159416343427429,0.36672110761867427,5.049606367736694,2.5992497769196783,-1.1547283259034022,1
-2.1138738622406223,0.6217676608665743,-3.4705935502144993,4.961406075651895,-1.7546093283788133,-4.132722111869352,3.005466617425799,-0.9508008500344737,0.9030041884828586,-2.6446765814847137,0
1.9111338552347443,-0.2003573864506314,0.573215109877748,-0.2476469037964406,1.1210420116805717,-0.7117314855964552,2.508745152754896,-4.111317263008521,-1.7264046565605868,0.9999721973796702,0
-1.5452531305293096,2.4195202016481465,-2.9416749589435955,0.5482033914487796,-2.9519960620754677,-0.9317662141124385,-1.606922940004345,2.6769860677514603,-2.78209821603519,3.1763027191321727,0
1.7232321915427715,-5.9710244554304985,3.9204457001018636,5.589362256907853,0.305669139150087,0.48306273012602885,1.8721955952449267,-11.795522002961894,3.463864715652803,1.9374513699435378,1
2.1464143849604516,-4.375950371583502,2.9157148355744558,1.8361272725798434,0.17290815571737483,1.9454760978504493,1.3778371142538144,-5.061279138137004,0.2590116737771735,-0.39632729472960615,1
1.7544379273154997,1.4505650708169817,0.6124003644757352,1.6940773072911917,1.3425550419118335,-1.6911534188984114,5.720707142306925,-5.911864172354172,-0.9531259033294848,-1.1013445231250136,0
-3.1594513934621027,1.5049490109861825,-2.9746026527143035,-2.5836701289226225,-0.989588078395637,0.8907700127423658,-0.186217387380742,8.192726457890494,-0.08445304420630872,-3.847590969944096,0
-2.7223336878463447,1.0385340837545638,-5.882460063352538,0.3575086714896426,-2.689064712352215,-2.4061641073517492,1.8941698769472475,3.2144899572501298,-3.629683117531825,-0.22882661058448428,0
-1.0183130469355612,0.815452251679143,-0.9023606017552425,2.224839715508394,0.09891478439654133,0.6525147620014018,-2.9312150597428577,4.320173746356591,1.062107187671638,-2.674926201224588,1
-3.039200516308325,1.3245983056459245,-2.4893146697327593,4.5059234971926205,-0.5517982313530612,0.20700792559919545,1.0367653707437443,-2.049857239316028,1.1918342248039937,0.1026266174827688,0
-0.4963214178534281,2.3059224041799373,-0.9322346311930478,3.716510364884322,-1.334081825110713,0.6988211241152877,1.173757286622426,-0.05743259091552262,-1.3920566448988658,-0.8921993973959154,1
-0.6886092311832867,1.875489275592737,-1.9053999388238116,1.7747956846239394,1.0550976175234184,0.6352254481964572,2.284136549006922,-0.8673562918289892,-1.5265646856947406,-1.4154774144375222,1
3.297177063958181,0.5941625196214699,1.7219253242441068,-1.195894189355203,2.5613360930827302,-1.0580112106078354,-0.2953362501558787,-5.122110559287061,-1.7339651321867844,4.057862563259121,0
1.3629744529858314,-2.2962375031895585,-1.0359180824983283,-2.094577544331729,-0.9629332855242345,0.25791728580110473,-0.875386794737274,0.6896027229720806,-4.033818459434173,2.123563442106575,0
-4.336394113684877,1.1382283437052019,-3.937246825734929,0.08984780680095805,1.1914449714684918,1.9584002029419274,2.323161556345604,-0.4494102562914796,0.28241188617463553,-0.3221500608546004,0
-5.061152549844903,-0.3789726142899563,-4.298415345793588,1.8025766391798461,1.5254307916359853,-0.1522924725468875,2.7507589233355088,-1.5319721765170549,2.9989580565688305,-2.058735214042467,1
-4.883748529280863,2.5689358411968826,-3.8350635679715226,-4.201536250224023,0.05867962052032216,-1.6658312558343091,2.701063012572062,6.306244263165867,2.548629928801285,-3.9902735330409405,0
-2.2473207385434018,-1.3501110783904067,-5.434314673589828,3.7477190051254445,-3.008146420394492,-3.803815703587592,3.023658079048616,1.6595242381208974,-1.9155459179008538,-3.3341259563559333,0
-1.3467894296837122,0.7559425354292713,-2.3045889040343566,0.527679229379357,1.5840394506450015,0.5967285767240079,-0.19839949291761272,1.3024075003437539,-0.3945668188167196,-1.3699278250910087,1
-4.588533340445868,-1.3860030583341243,-4.791965528050017,2.6174816049399157,0.5757213152075242,-0.4316611210128336,2.038203711796146,-1.2998334806462195,1.7267644796793857,-1.5931395941922224,1
-3.2377148813171197,-0.10864696313859135,-0.2742723569227994,-1.9355550908522055,1.736708104898737,2.076498126563873,1.9307000055214858,-2.3538200753457774,3.3494698715386435,0.605265409208575,0
-3.4440067844400897,-2.1173621415427712,-0.6657792433743053,1.3403180032487332,-0.26484628874176597,0.3732905886245499,0.4626383988461401,-3.31025765769995,4.185925667346769,1.320353023875589,0
1.1485236639437748,0.6315229277287774,-0.9150540001886283,-0.30220131590693233,1.026813945340614,-1.8265125089939036,3.710115572110475,-4.672275107814985,-2.2808756801410732,1.5124519650130799,0
-1.2292094235701632,0.32354716236634196,-1.7416324227302584,0.3719883531246232,0.6528438087442643,0.3618375131888386,-5.1403741290496665,3.9172699583760533,0.37441683526205916,0.8476959136762774,1
-2.4505176791319387,1.7777895738765843,-1.6571322764639935,0.680778122349389,1.2359406496230214,2.8440425720324587,-0.019826855406489097,1.9295311953484933,0.4348176409863582,-1.668599149580848,0
-2.5385529695508553,5.720363257576462,-3.0488266888181412,-3.089928434464194,3.499576291770372,1.0490841714974564,0.6053861880017003,4.125376606211801,-0.4047388918600785,-1.5184929303815646,0
-4.204618775913018,0.5092941467103105,-3.273769648513834,-3.110221239230565,-0.7803301977720032,2.0452087606092157,-0.4744473557522655,6.216252631001048,0.2729804259745716,-1.5135654281043074,1
0.9311923827193318,-0.101701622315431,-0.6806388969545085,0.4172654610365256,2.657888497443736,1.2415224452136366,1.3288648371895648,-2.573645542323787,-1.8765900060664955,-0.36622167278792483,1
-2.4166268933439983,1.7051549753279804,-1.6146501816626304,2.9587801222330663,-2.9331183781219123,-1.3092341491697133,1.0882531907203725,-0.8545104358431436,0.7308579648564975,1.413155571246502,0
-0.40025114296356346,1.5428410491200855,-1.2390785769904493,-3.678846677065917,-2.8705650890774095,-2.632025972672356,3.418292423331188,3.6868232093230673,-1.83877036317512,-1.2103953546958024,1
-2.7197986323515777,3.6629394206694093,-1.3130195295298177,2.688558049687032,-2.685131835085939,-0.8151329797611493,-2.7448626016577147,3.4606531468668473,1.6692048185929371,1.1907885168993926,0
-6.445143030765989,2.446566758669478,-2.8804091674816696,-3.936274391286208,-0.425413327110298,1.36574347113752,2.124506807249632,3.4399590849705293,3.6621284180011897,-0.4392106914586579,0
-2.495350031930704,0.5754535586735703,-2.715113658052312,-0.9918808790476583,5.0558291082848905,2.883956978273609,0.4264970818236975,-4.773076030480349,0.03665442007327435,3.0685943721764906,0
-0.9611235432504193,-0.5901278635229545,-0.385994173908213,0.9066198892653488,-0.30826501945287665,1.5687356171348252,2.110520553147781,-2.498239390839,-0.3167964543674494,0.37290113850500495,1
-2.1806797934721076,1.5658673441514357,-2.8587354315537077,4.789851600089828,1.1648826988800345,0.009431312995585417,3.1716245612891645,-3.9748688877523817,0.18011148188488701,-1.0975448386185735,1
1.2322867178039223,1.208487532487783,-1.1215652820215718,1.73088672953854,0.7633210622614577,-2.596251167029389,3.4071475165684473,-3.6468108551838987,-1.8225116627278344,-0.25771778644949905,0
-1.0801552056219983,2.3431538582822333,-1.0316126105480814,-0.49126814125924445,0.10283039036263042,0.6681512649215964,-1.8301698331565066,3.5396456211859517,-0.20511974102337938,-0.15217270435277797,0
5.75552149118957,-2.930550479299617,4.481792754679029,3.9657539114150255,1.9895449435933616,1.7704165783810235,3.5593311311113833,-11.35617144647519,-2.757525116569829,1.5344573638443082,1
0.27115077587245473,-0.3989755045675507,-0.7492986116135605,0.12338117370935375,1.5793459120997748,0.08982935759899202,1.8741557030306533,-1.2939131050188795,-0.6848818202058327,-1.5262835099038563,0
-1.4258886159794886,-0.06727832957687285,-2.4142142468824828,-5.609653824524372,-1.6391347283399433,-0.47452162838438605,1.8678140614113348,6.930439359431752,-2.0726413640101136,-2.7763404372314655,1
-0.9599563898530639,0.7105635864838011,-0.5990302703093537,-0.6201177769790698,-0.685362366626763,0.8800947199461417,-1.8849829973266559,3.5487407063533616,-0.031855459893713745,-0.31433841675532603,0
0.7579098401051768,0.7972585083988851,-0.46739568449686686,-1.599725157717165,1.4400903621682979,1.4725826072216428,-0.9597761786857248,4.358239310291073,-1.7263039774699722,-2.846151410746331,1
0.7191612303207255,0.8483680933689002,0.2737300197578747,1.3765659022481544,1.2546452033129545,1.1318699768940588,0.4422523537266191,-2.988129827732151,-1.0436831705026837,1.2918464282276272,1
0.020407888701833767,2.2960971332155697,-0.2770433924327753,-2.095001300616878,-0.5032184354610698,0.8058260281672727,-0.8416309473616979,0.3632985461819657,-2.191495700634368,3.715442221471503,0
0.5256642852531286,4.113119442237461,1.3896541909775273,-1.4813327858958998,3.159028125338118,3.2529849250179406,-0.3902455256553983,1.5526900416184946,-0.18292630287741773,-1.1036375567753967,1
-0.8489064056480935,2.450581630679462,-1.5179928106746714,1.8549516154429622,1.8551411107121263,0.4341132225818136,1.911083208015214,-0.6083870199358168,-0.23409751237733922,-2.0784091402491915,1
1.0491866092145057,1.6212653337715035,1.7371269025270077,-1.385083670013977,1.8005330188842752,0.7734540242002046,3.1392271131703726,-3.2617929122846276,0.036954720953656484,0.07695176916982238,0
2.014481973305192,-2.9105009613408934,0.013447727759837713,0.6236795004310824,-1.7018541935759874,1.260518142771849,1.056430681963972,0.9192637809767488,-3.8262464810790515,-1.8682054757171118,1
-3.6213626479864596,1.3545302487833828,-2.345588582458328,3.5210847365110984,-2.1870918005508537,0.3232916088974508,0.6806986601998888,0.7746599938972522,1.4549262135857788,-0.6302810665944814,1
1.7753658930427112,0.1988974294624104,0.17862039155631604,0.2913109200159145,1.0012980984684834,-0.9941749059479681,1.3944476215746882,-2.0527372994933444,-1.5602621652680297,-0.09602218851663147,0
1.523501233288132,1.053847417548835,-0.2726713521164017,-2.838319872061765,0.5838333028879743,0.2590118296100412,0.4004412503753443,-2.394403289292995,-3.8350420566805625,4.634105884769356,0
2.1978440287347283,-1.11869238492607,0.2695491126830547,0.38064048404943873,0.3481596478418689,-0.9606251942555005,2.4911995601972325,-3.484387592888361,-2.3915292770934995,0.2833619489489474,0
-0.2423195308913186,0.13439059603626036,-3.17755664472506,-0.7030950190315997,-1.014661089716608,-1.706683569314876,1.0094662942617656,0.12524632950477393,-3.6835970649902046,1.786433552604679,0
-1.3089530123658373,0.8048519584385077,-3.2577334990028946,2.083514464902875,-0.33542430472566676,3.4116790046883065,-0.3869726487709173,1.6183488481635675,-4.20223488949884,0.041456078859974266,1
-0.23447489082721812,0.933216003521123,-1.4125770805345441,-0.5927881208163561,1.545357880050676,1.643053738162708,-1.0141830817694983,1.7752372329252928,-1.7629797165575578,-0.34969794192441883,0
2.5930965899314633,-5.271212651084069,2.1051735268748017,-0.7296578300980352,-1.9460508818652076,-0.6105025790754706,2.2082464554506536,-0.8238513300743693,-0.8984987846171915,-2.4508967545121187,1
1.2372215635061772,-0.8963502418324676,-0.8101154018440048,-3.005803032771648,2.234661357893781,1.3893940405458411,0.07155330352479794,0.379247522061998,-3.0100568489832895,0.21531497197765304,1
-0.8462130738116987,-5.402374154310287,1.275544162932746,0.930257874717445,0.23754828245141524,2.108030250170332,0.06738034993688924,-3.0478005808258004,2.841587742773335,-0.6991251570811667,1
-1.5924102504998305,0.29476264759143833,-3.4516564975432056,1.5769475851691583,2.2932919514520838,-1.0231487776746993,-0.06930363510500892,2.28401706412149,0.3659520404388017,-3.7883273666019104,1
-1.332576024965884,0.8224607756375448,-1.5803256822290108,1.8864763942805602,-2.4819570110798357,-0.71694406433562,0.20532508907691327,1.4989936949287752,-0.625601860917134,-0.0779508494979535,0
-2.3137270062839064,1.0706753894146654,-2.2885400080863407,-1.3416516659445175,1.2823577017613945,0.7021760242996049,0.22727018165724244,2.0455968742529396,0.4207411747939661,-0.9604211912478556,0
-1.121457244957313,1.4459146544632255,-1.2442785576860504,2.2897300545420722,1.909933073967807,1.1376993963965294,2.538353100393021,-2.80666059313749,0.1185020559022838,-1.2171705874045868,1
-3.5832007474677026,1.734345562924962,-2.8420339758334148,-3.8170710539954187,0.4013127673580459,2.50063573497423,0.18738208168111126,5.077319814491754,-0.33465032253073,-0.9068740719949269,1
-1.0533669738822367,-0.21782950240374754,-1.123639529188189,2.4346062379308324,-0.6246175847554365,-0.041753519798166217,1.7317342466088776,-1.0572014418592788,0.17230332520463565,-1.338040027974012,0
-0.855198044536101,2.073989484608214,0.7079090753444108,-2.1484999998730556,-0.24553026674751277,2.9130466600435323,0.6254830711316155,2.6398297694177075,-0.3196209015032294,-0.7086751070848913,1
1.4831620880459793,-1.1466147122299462,-0.3793852140559989,-1.588221284318355,-1.0329728315834863,1.1870127728870663,1.6794665780355473,2.3125507697976713,-3.873505785538482,-1.972388726063523,1
1.7345283792121393,3.6957234563461823,0.33708473685465346,0.9739062209338866,2.2386950730543824,1.2097535005916604,3.286787758778046,-0.6631170344841744,-2.4116271428128218,-2.957510715445091,1
-2.602210905635391,-0.066292354490602,-1.6710744746418622,-0.5116361721927032,0.9508017107140735,2.0801352699602322,0.48620147780118284,0.19961264180280902,0.8104416342467518,-0.22343128329729633,0
0.6164882398908986,1.4778719418227784,-0.46067098593272904,0.45880106349881,3.3662891417776764,1.612861850155606,0.7264325698994201,-1.472626118559353,-1.0980017052028739,-0.9613882514873444,0
-1.6467619543000496,0.5654621628583253,-1.964301485702118,0.9508301360091871,-1.7042028586134639,-1.0470255370883894,1.5497280130357132,-0.12377398891436768,-0.47206849034267273,0.3900024422123589,1
3.2326632597523854,-1.369991295487107,0.03673102388660676,1.8512955014719052,1.5689382599205888,-2.8144561798244756,3.8069518276545073,-5.810532839337263,-2.3744796932427663,-0.7109763986375202,0
0.9944622903415679,-0.7950541362316278,-0.39818235896519005,-2.2100032397943012,-0.09967836505639183,-1.1816810783925882,3.3217504760041345,-1.0004665074787282,-1.9366691289879987,-0.6221475175468152,1
2.128224488068667,0.2872382099809353,1.4269611253688845,-1.6408117870572014,0.7121546903501297,1.1971403208878608,3.4934681787364044,-3.5348370228876465,-2.708530285451103,0.9084206331415849,0
0.9312458839619006,2.563433258163294,2.079404202089093,0.942561351535618,-3.2111299481413287,2.6208194256920434,0.0721649972042182,1.7491671662611188,-2.17357260350626,0.7549348174408157,1
-0.6912731946537972,-0.5069982558676556,-2.669883386635952,1.466092227317354,-1.2854904330437704,-2.4573420970761246,2.084604564005188,-2.0944931771146575,-1.6935994934294931,1.0527371811717954,0
-2.1014537931264896,2.0678026456080074,-1.3497532226980573,0.41655351684584463,-3.514320607805359,0.7342096821864865,-2.512608864790983,3.010202834374085,-1.0266367571112363,3.3963528476107716,0
0.31933712729008273,1.057792094693919,1.1018612533296097,1.523996987103065,-0.5219243728734906,-0.11314928427210802,2.147884391574821,-2.9002964970649208,0.4053033224561249,0.3531890239278491,0
2.7147003562814116,-1.0441622613720738,1.412588779032037,-2.450123823701902,0.761120441088543,0.6070573529152035,3.1404765472352776,-1.4344114599300428,-2.753163709794327,-1.1203675043093946,1
0.22497965613644444,2.2603081057063457,-0.3704880275274657,2.715762894630482,-1.32873257862158,1.370055985185386,1.495013534613235,-2.009209570336923,-2.6898797341106544,1.4902044367690164,1
3.656850554085926,-0.8961751052455666,2.946212772567306,1.7951715479508041,-1.5683363740419574,-1.327376864248191,3.623962932045606,-5.317568907332281,-1.851257008465601,0.5524216786005591,1
-4.724014016435489,-0.6246247811312033,-1.6107854723138626,-4.110472174236565,-2.0709357073635792,-0.4085342806385015,0.5264546845432257,5.591049989520933,4.010190536206902,-1.9506672069036821,0
-3.571708838956411,0.6521264659927379,-3.5288077316579582,2.2021463932698757,-5.064603023274765,-0.6612215250242854,-2.354035725406117,5.172976820717353,-0.6808052896936659,1.0638374312522287,0
-0.48851029546530894,0.13902290426447905,1.5839295256737698,-0.21564649269772962,1.321244978923792,-2.726755449546065,4.500634504325287,-8.866239471295305,3.7703063566622834,2.9290321161766744,1
1.241717370447951,-1.417489427009106,-4.514385712358278,-2.2461074869260758,1.02880967871159,-3.008596759776879,4.149173982816607,-1.8462508078337114,-6.1257106462814574,0.29747747346403264,0
-4.218120487559147,2.3382142301361357,-3.7411522299665814,-0.29400483481087014,-2.070287599849408,-1.3996272328490238,3.3087838119740507,5.284114739888364,1.1114486255828535,-4.464935304840294,0
0.975053840912863,0.5961545533430994,-1.3647106751195908,-0.5312591663881465,-0.014790013138628044,-1.0557883243865471,1.6893896586786024,-1.34651965556874,-3.19454984049306,1.2443056221065543,0
0.8152129340481632,1.519884845800398,-1.5294926083753664,1.0251888091462493,3.860117641505827,0.626130765707988,4.024981968245919,-4.861535164759619,-2.4237749828998316,-0.7879572853768352,1
0.9619130485148693,0.7582955723890294,0.3026126913026046,0.1437956388617474,2.0377560679558884,-1.2946305915280725,2.878899010274621,-3.913552212062357,0.12994567913846278,-0.24823595803649967,0
0.043108844465331454,1.9977942482283493,-1.3228720321509253,1.8886884617961917,1.459763814699154,0.4362073565756043,0.09015423619010743,0.5952343070206657,-1.2023498017677312,-1.5352504762702361,1
3.3741983956225567,2.1526568073396883,1.7122266611507473,-2.5559160429168752,1.8872574043669066,2.5012626759365624,1.4234002225416564,2.8515786972176183,-3.930337148273183,-3.200043151293479,1
2.001624393096456,1.0529595646526129,1.0309648763017765,0.01686806487139525,3.3056697045814225,-1.6765928389899356,6.718417631122602,-7.786230588817708,-0.26477594328768994,-0.890106473821429,0
-0.3471580927173355,0.4686069757855085,-1.1314804265698606,4.238964534424478,-1.4705889321881525,-3.092485033845449,-0.5678956179271177,-2.4729626402374905,0.6117123127725093,1.6867488761269969,0
-0.5395574190606668,-1.8115590616316513,-2.2605583976711534,0.30913802726402495,1.7416884272931084,5.512399983751631,-0.9485203125853072,1.8585978931284726,-3.88472785030572,-1.5137149322839387,1
-1.5223842063029978,-1.8011259117850624,-3.3757508652411135,-1.4367773711509968,-0.8570454201955233,1.5278890783353685,0.6329474856714699,3.6414560035755517,-3.1072498932967108,-1.6725847487235317,1
0.016198667207039878,-2.147823754999415,-0.5948719077545499,-1.429654871495201,0.0818243039240174,0.4965092138893956,1.9917383613605755,-0.5838359941900839,-1.07263179638234,-0.9057859190460897,1
-3.6045843229290764,2.4366728962620376,-3.4641022709309084,-1.818181211965098,-1.027604851917494,0.41231702318751984,-0.725937827683423,8.22725496004648,0.181816338714904,-3.317579738671659,0
0.358508984835654,-0.7470757903096354,0.14881439435151522,-0.7532424575321952,0.544664689423148,2.2030945052167255,0.43715003503416106,0.4935571664852964,-1.3392703855372887,-0.8727707611365925,1
-0.5625656125618956,1.1080718617055074,-1.0334419363502931,1.0384212324338575,-0.5343474755802962,0.483595153131538,-1.3838904467009994,1.4321421840319195,-0.9220080260967575,0.5934717867141659,1
3.000764447141909,0.17173725099215598,0.716624210157853,-1.4463955374060389,0.2121170096372862,0.7027798296321266,3.1784368970231993,-0.9806593731005346,-4.4780108597133435,-0.8660771198279058,1
1.701843264952005,0.2583244007105664,2.672973762442,-1.2477241744238459,-2.023249770078051,3.8866274654868933,2.091879727248058,-1.9562138183992461,-3.2608247507850763,2.2754542437536025,1
-4.733285098617099,2.499729150008437,-5.111545731516077,1.4022261102587281,-4.277288282468895,-1.367921488912124,-2.2135767963541095,7.239538558315173,-0.486063144076468,0.09223443918521734,0
3.0570820755081574,-4.681583732200753,3.0668403052089355,0.5414197973931563,-1.4650773759147249,3.4173555221519174,0.00023817377201529322,1.038333858661263,-2.019159180586426,-3.1693099945208507,1
0.7738761443009623,2.1146301766533986,-1.5302059108492783,3.7990426697150803,0.042707515429487586,-4.1731016087684,3.8516402251622153,-6.0203892222626605,-1.2138249417425684,1.3274162681634198,0
1.5745578700264904,1.3250964940802419,1.2111610384661065,0.08998499814009453,-0.598581760064195,1.870474860103013,-0.7352395794463791,0.5240922109125377,-2.4384818803452903,1.0791425534474763,1
-2.7902592432141455,1.0793418554445164,-1.4971765312293588,3.699793694153526,-1.134514892503507,1.0201071931091599,1.9000006515439998,0.011851888146626709,1.4962331442418884,-2.349978566870481,1
-0.8161364928257959,2.127511988255827,-0.08089787801081627,0.680776507766703,-1.4793053543117807,-0.027658412618535744,1.5167761657887655,-2.1532196849750096,-0.4319242596467683,2.5846176842880677,1
0.7379646733116745,0.3510953571414197,3.270568709221285,1.6065679469377314,-1.067246115064744,0.5873915303749941,1.6340624803649515,-4.0383291726393225,1.983077373895271,1.0944681817969455,1
0.776620007753663,-1.1146959341615745,1.1286663717100147,1.1499766409348964,3.115412489146813,1.8166986006032286,0.7378229300832209,-5.437445488438545,0.6926060727422182,0.9360151346805419,0
0.5615381119135125,2.536460787060748,0.07671917679945972,0.06571012168135426,1.809025989768847,1.9188602856355361,3.092825911973652,-0.5558392416958865,-1.6210520959780126,-2.3284750760761015,1
-2.0072239272237664,0.455782943112946,-3.981178024791804,2.658489870712055,-3.351315535452092,-2.707924438398547,-0.6842666350984898,1.2689744355124641,-1.878853040070517,1.9236485556574854,1
1.8063480285137679,0.34028100388434623,1.3698567402278838,-1.227820320789745,0.2622396340703479,2.301471109102299,0.3051986689888485,-0.18805414763275113,-2.5676653430876186,0.6192853083969396,1
0.9203170411628366,1.1793951555671134,1.9246280273026621,0.37807862672129977,-0.7837240886240522,2.837839294729386,3.132954256683207,-4.065458815075249,-1.8996003200891447,1.9075456423425154,1
-1.0606742298844578,1.899136114596692,-0.5042624679445045,-1.8655782874142528,0.7347639011995655,-0.5008703251545772,1.4039727163782116,2.38348672432503,1.105161133630017,-2.2295557782407656,0
-3.2664771305612406,2.738678920523303,-2.1464399390292694,0.7508504372232652,0.1603443662868057,1.279229299018753,2.324627899405403,0.7540366647591036,0.9131665986769043,-1.415349350692036,0
-2.1459401592210017,1.6223537610541356,-3.6894026193845,-1.9990942232692834,-1.7360034713991142,2.4978499807216776,-0.25847317119542823,7.420511988953907,-4.033810584054392,-1.8536093606171717,1
-2.2106152538673327,2.544336835118533,-3.4407480929685925,-1.9991248622569309,-2.4065913934135224,2.2791076901113,-0.4530689780387054,8.57276373881645,-3.878555608137843,-2.084127406755809,1
4.305913751229115,0.547415863660045,2.0530667108966822,0.9600094935089335,2.354852160139365,-1.6855123502403428,3.777679984113401,-7.89782338992982,-2.5084821101676873,1.6570130670127587,0
-4.470756121528274,3.798704158513004,-2.853577076791945,-1.7280728317287013,1.5251979729658283,2.4686262748378383,1.2880690805051764,2.3358096812656113,1.2258765002108292,-0.591598438693621,0
0.8739606606559857,0.6451682144701508,0.5455328197545293,0.377015174297439,-0.5242560862150255,0.036465384109606314,0.8640189350542353,-1.488504223497701,-1.2179713962113088,1.090558981182276,0
-1.5766841871508857,0.613029300783062,-2.9797151832756157,0.43038138299761186,-1.138967717970023,-2.102756754742698,1.6907452167541925,-1.1166567834521495,-1.2727215062546884,1.6304797191401517,0
2.353425402882429,1.1914081667004628,2.021863947617503,-2.1005253849026397,1.099861776716537,3.058569207765199,2.1609532398911435,-0.3138359898698109,-2.9620798978325107,-0.8372410626782922,1
-4.252243591666524,-1.5473007115943531,-2.429755254856154,-1.9236792598821646,-1.645093124993397,0.24057941071904054,-0.006524823578692773,3.5704943159132827,2.4649229380495865,-1.0000828405338396,1
-2.7105365871931224,2.227418629956571,-3.1837059007506987,4.670141848328362,-2.263595867257152,-4.052782161067469,1.6801838833159923,-2.3359590904618304,1.1952263895915598,1.2639479798029785,0
-1.4475348833689587,-2.4388952153854238,-2.278778099439457,-2.2366973608857004,-2.115886420679635,0.24961458920242385,0.9250470282694317,4.417308090490974,-1.5835203546953047,-2.2707828312860667,1
-2.8907304444910267,2.779218185841621,-2.808956856815125,-3.715388798385066,-1.8140817972896977,-1.3117618695214581,1.9339694550187554,4.850821941176423,-0.5212833810926123,-0.5886904237245416,1
-3.4133014599414686,1.2337380128097917,-3.466002951254288,1.7058565133922445,-0.8226465936621425,0.8998550085531234,3.795917439938011,0.8864466480747735,-0.4086947445329303,-2.8568321569233994,0
-0.4436632414399755,-2.074277092595687,-1.5238328767646385,-0.5401308158183489,-1.6995187009315473,1.4587023370244736,0.2368673065423006,3.4225713205272483,-2.40129492253465,-2.0115613783352146,1
0.07007209260141647,5.466096327438705,-2.722667450714642,3.9601496654019583,3.6879354060876657,-0.7943480626634425,3.5281010090798195,-3.4652972792752172,-2.1083881520873735,-1.568728681981297,1
-0.6066957072686593,2.28017113620238,-1.4068748404424312,1.1763238020261295,1.0919740217297922,0.6263316111439277,1.2876277971370038,0.021469358716674772,-1.0263539828964845,-1.109230655257699,0
1.6427057143862362,0.15237113682548242,1.910308370185089,-0.09637239048399593,1.4653908916673455,-0.8612910652235577,0.04960508424659438,-2.322418402952953,1.079198406766832,0.35774863581579397,1
-3.8913507290273537,1.8017150182445363,-3.975607568485288,3.586747564867615,-0.24497250961045935,-0.9841137569097782,-0.5713484466356205,2.246842395671407,1.761694382884568,-1.863408633753575,1
-2.285178386034261,1.7166860465717588,-2.444443968455261,1.7945145836814977,-1.041542420614803,-1.6945331698129247,4.276073796830323,-0.9228492324499223,0.3865443041612209,-1.877752177109751,0
1.008872817745928,-0.4875960365036174,-1.3663858788879664,-1.2939267907768364,-0.29891663845613536,-0.3681780158710847,1.4456839664496013,0.20586230585812537,-3.520580196427003,0.20324962335954777,0
-0.4526439567157307,-2.386671818363111,-0.511033959466652,-1.8516320152851398,2.0262386601366034,1.5935631873088576,1.0143402551060134,-1.4612939760558465,0.018599886747856287,-0.4291761567557487,1
-0.6483062911188343,2.0068741594790476,-0.8556123714456809,-1.559234962878922,3.7981685130289757,0.5306395922443523,1.8526387932641475,-1.4886391126850382,0.5550581920302584,-0.832655743753361,0
-0.769550976110758,-1.0576863462245831,-2.4314255530887166,-0.24049333480405277,-2.029676329059386,-0.3647495395598588,1.2253095105712677,2.2773436803561635,-2.5636575637852,-1.0210469789376524,1
-2.305140882161157,-1.4881867324198432,-1.9013462586749126,-2.342949698771685,-0.4036629100992717,1.8650148839106726,0.15363375780868527,3.6470046389835855,-0.15577916498541566,-1.6952421760103102,1
-3.693122016793572,-2.6216647989313575,-2.1200899774569066,-4.351171472771515,-2.975154661135784,-0.3390841504124442,-0.07237032153344813,7.659620186851707,1.951168623175624,-3.170632206743099,1
-3.5586438210437237,1.8110683185565501,-1.5969314072507805,-2.7116629657685554,1.8774967260723239,1.381156909206104,3.229130590269693,0.6102136515048907,2.361513221280214,-1.8792095885551214,0
-0.05466378608630268,1.3855796235028124,-1.6869016322485462,0.570553957226505,1.7226659615585354,0.6008982861605696,1.4469535084826661,0.03724386663077628,-1.7957063244972629,-1.5748092437676036,1
-2.337235820744275,4.90495745975726,-0.9001856932470386,5.497090167963666,-3.6262575664505565,0.315757588236658,-2.964122793790394,6.538518406649205,1.2999066429641348,-2.4943119517460444,0
-0.035719229096328194,0.3423235127687958,0.542393293887683,-0.8247604393789396,-0.9377680903790664,-0.7891867914137436,1.6612409162975705,2.305062969830273,0.80092789509448,-2.939990263864725,0
-1.9032912750737823,0.7672691629039075,-2.696022110635923,-0.6211517978760637,-2.0306928352178617,1.0082326367184324,0.19224155775661744,4.40509912583288,-2.2384805801262755,-0.9632070023843591,1
-0.442177851853825,-0.26929736109802627,1.7633254121714041,-0.03897898724437887,-3.200458713272531,3.659889086437133,0.07969959296891604,1.8707798630280623,-0.7313308821132094,0.12010220963276286,1
-0.8685061730221595,1.006347016491659,-1.9166313495174507,-1.2453886415347057,-1.2657120592528222,1.8572141889547926,0.6107021584410737,4.1584466986245,-3.082836596682141,-1.3252558994849757,1
1.709944258549316,1.6030386007172504,-2.207436423391581,-0.06779104776854883,6.133209070254833,0.2612184801551628,2.5238886818091646,-0.5955838848217152,-2.7188342669356333,-4.6138240598015425,1
-5.287477008873922,-0.6721153832338471,-3.7277147986862467,-1.9182308125195426,-1.2295893435410759,2.1755694671301264,1.7808803434624898,2.6487571242690815,0.9013927781710271,-0.7246945112325881,0
3.1279994933394053,0.859105588733829,1.3259603932685522,-0.1206976778971145,-0.2708733671551611,2.1375840921132845,2.1807834833728004,-0.2917941704905628,-4.726515558889368,-0.9440405714616321,1
-2.9460588923109206,2.0069629772454247,-2.066953812568544,0.5648448115330776,-2.3907327193023695,-0.009662894526577204,0.1775744859398306,3.20442599868998,0.42455754644196886,-0.2890206377917601,0
2.5163498371748245,0.3931435719612155,2.002936605940657,0.09056205494209524,0.6074073433714886,2.2416738523035873,1.0582818497020554,-2.0502783542247416,-2.5397956542966567,0.4355452580361543,1
0.6408469132261285,-0.8563895848712957,1.290193235485157,-0.3678211874184094,0.814597881756845,-0.1699887431597178,0.8442576394498631,-4.196766265171335,0.7882421358570222,2.2074667207833265,0
-3.1156525049508104,1.797071906877704,-2.5979310031346,-1.5675981006470587,-1.3466772636321167,-0.7077388961935513,2.430812991202892,5.5524588374771175,0.8650979648939692,-4.2502296795511585,0
0.5769970814301152,1.1855419356393146,0.17956615548169808,1.0280338734815055,0.5305765713823993,1.0061539662960621,-0.6029887961351648,-0.746187239304457,-1.0842403648846506,0.9079128445386861,1
-2.684192412903136,1.2759138606440779,0.1011231135532149,-2.6818348463237736,-1.9629688642611791,0.1545396133801894,-0.1218416202961976,4.66718531025097,2.7405874480296566,-1.1208991553319738,0
-0.4525183554346237,2.359504673424671,-1.5381408335207014,1.342238707890096,3.707605948056066,0.817507678410061,1.3552501273362445,-1.2675532392915598,-0.224583421361935,-1.9627302168393252,1
0.02904136470869533,3.3146987790109246,0.5115686425672907,3.427844874796024,-1.032041984741443,1.3910676851697832,1.549625539420775,-1.932779501621656,-1.0964137516453831,0.581133430561855,1
-1.7327336278585543,-0.32491681673203365,-3.137146255160971,-2.6057094170555204,0.43368993161078984,0.8113275950347455,1.6533428875041496,1.9499893168076454,-2.194912186882169,-0.6701995015339046,1
-6.159131047135791,1.1927942930491438,-3.3302962786131647,-2.957892264683428,-0.1514175417475614,2.753683993660763,0.24260222211924176,4.720755969201305,2.685919598252622,-1.0288346302405318,0
-0.4787391467088743,1.8232598534222229,-0.29127269506372155,0.4331021588838495,-1.545612875925766,2.3842766143846355,0.29454587313459735,2.2529694387319106,-2.032174268400701,-0.3147440033746529,1
-1.7894305489593347,2.073300016127746,-0.15978296289687977,-0.33494005874386645,-1.580785231559021,1.0483525868119465,0.8246902136351129,0.04432553293336514,0.3245959305499133,1.7565050329583158,0
-0.18567307591632592,-0.03777088595378886,-0.6137440037253625,1.0343967336091844,1.3622155667221072,1.1454025302663347,1.0936745117989326,-3.773914724445751,-0.8472210982814626,1.619916630362476,1
0.6888057969079413,2.443267127193241,0.503635067318164,2.24172611414946,0.0848629743589403,0.8402994456432932,-3.2800617022090597,2.656454059830042,-0.3669360804827343,-0.2962876831603465,1
-1.0110828730954946,-0.6057101051059212,-0.04940924128439517,-0.15249205792681209,-0.008646099406586782,0.23460580477211868,1.8253842332089614,-2.3712989747779156,0.9949097679863876,0.5714524938212198,1
-3.1250853744889655,-1.9309512642509552,-2.532511376863744,1.155636935955445,-1.636357783748079,1.8674592884665884,-0.9479866816438338,2.400677423630175,0.2890326984698943,-0.7388126403393127,1
-0.7266108970023555,2.8033748221398915,-2.037757653846349,-2.936530491967905,-1.7601086424409997,0.07210738440591247,2.063870890174047,4.561510898225757,-3.4327503650592655,-0.871609879860594,1
1.09974167101683,-0.9306778634951451,0.8376494636714475,0.6687003804424846,0.766035205858867,2.4332259008190893,2.1126534417433556,-4.6605685227956375,-2.0034880739655714,1.5460035242937362,1
1.727850479612834,1.770104291140353,-0.09249255402703893,-0.20149080449593493,3.686547238736314,0.8366369612530312,-0.6437192770965388,1.6120274140888755,-1.3087033481690928,-2.820609855790879,1
-1.532161321435451,2.1976652873205076,-1.2092762026994612,-1.6911705950169225,-2.5283192509971553,1.4774785944738902,-2.067892328367557,3.308834459007375,-2.0968213857587576,3.5145157820988135,0
0.6127336945900245,1.0383840785294827,0.6698691539953072,1.1145593561395768,0.6364751383355507,1.6366750058618948,0.7793029917641393,-0.8733710082678995,-0.7930320398154885,-0.6421137488608893,1
-1.6609415045734643,-3.6245044922601517,-1.8045579857049625,-2.7879705660402725,2.5109466638674265,1.701499438851409,0.10271744921342918,0.12972147440137768,0.6283058411456339,-1.0388710003175579,1
-2.998272793463936,-0.26552249526425487,-1.8224398200237923,-1.9483821892126558,-1.1585683432791267,-0.2884664066314446,1.0436573140237386,1.969827878335256,1.4289916217200602,-0.31228954801347053,1
-3.258942744300017,1.3013175230016576,-1.4144121202416957,-0.5668545616881975,0.3330260963326682,0.6489395349857197,2.511184607876635,-0.1923425654894442,2.251971823745115,-0.9864012186236515,0
-0.8268888983000707,-5.510110144662434,-1.5842074599272018,-0.14515998786882645,-2.31057367252804,0.8057289700160423,-0.025658948065279574,2.9340864864327845,-1.0164872438758967,-2.7720901617633937,1
0.2219445014221528,0.8272398079544935,-3.6677071516242705,5.16219650119586,-3.0022453442294625,-4.202877962263015,-0.08423869147959118,0.6911894391651767,-3.2472327940798804,-0.04224843983972848,0
-2.4153388393388617,0.040530800191453054,-4.99716693226519,-3.550198632801389,-1.7734561167787377,0.6230193595671087,0.6829955522360592,7.987295805889215,-4.188683703487499,-2.5985489916886184,1
-5.8982482570677455,4.9261816020154985,-4.04857710119731,-4.918331266482172,2.88040556947398,2.9813361878389975,1.7147300696593801,4.649634219732266,1.530542811760407,-1.2638406596072764,0
-2.0155867918365913,0.8888987410915345,-4.165887572737503,0.6639461582611454,2.8876343511826343,1.2168555369059524,0.05836914142424454,-1.035552453425856,-1.9316735241968384,0.8086635887284537,0
-0.6562921949106494,1.049693115308364,1.131459531789221,-2.0482657025808497,2.5439011473303474,1.909066006037194,1.1545587224502305,-0.8931909516351696,1.8936404179989288,-0.728594940765106,0
0.22891020028338166,-0.29764168407135627,0.08473902802362243,-1.3522745580980748,0.5813667349196889,2.1430827355409026,-0.07958826453949097,2.340896677477788,-1.1183097232768437,-1.7500192077268935,1
-2.0626445450618403,1.6091144977526493,0.44093902019945586,-0.8632755048485299,-0.30721942221153586,2.0169223742988294,0.9201654288861879,2.081721332523744,1.9947295713315456,-1.6519082939953091,0
-1.4660513854546018,0.9990153695107151,-1.48569622629205,1.4290486216785077,-0.37596130849469067,1.0513044746923683,0.8903597882887175,-0.06922144269630831,-0.6000173342319702,-0.18559387163472085,1
-0.361421662507692,-1.0851322610914342,0.17734042732382438,0.11621343571750198,-0.6744300637888349,0.0754795803697077,2.0700886117249624,-2.192746247646053,0.2410539511136709,0.23301573033712852,1
-0.4410069156371001,2.1014405210034077,1.2272396749929837,-0.4391550146609835,-1.1291580371900722,1.7881928034438475,0.9893524881617046,0.7444880699880793,0.05667572397956411,0.09948357138339725,1
-0.8376249723448904,1.3509326960257215,-0.15558314386772398,3.044262957185433,-1.0620203212068815,1.5934786837358863,2.474084055957827,-3.3631630986245598,-0.7204629375384548,0.8911888091022011,1
-4.893526056177128,-0.823245082938078,-2.3323699527126385,2.1719527193215415,-1.0688309560113463,4.217837993419158,-2.798121649696998,2.857172480668745,2.1801102824567096,-0.1175329485236033,1
-3.2173295752394773,2.9922944178228814,-2.2156126109980976,-1.705672100224802,1.2550348776247449,1.31735854682544,1.1196760377223511,1.8078280292391038,0.8827925113891408,-0.41420888042610926,0
-0.3138073893489627,1.1561927400083405,-1.353753148266102,1.327678170637375,2.951345518545532,0.17953156857443486,-2.7460901358951553,2.5271676123250995,0.7444742737179328,-2.275351231660852,1
-1.4215251585627868,1.1132397593432828,-1.3410516833474686,2.16851930139854,0.11232400035032886,0.992194283120297,2.019233292017465,0.7356771351281377,0.11637359903385769,-3.0865992809130565,1
-1.1414222648786025,-1.800256272392112,0.9095616556478836,2.0280993515947214,0.038816229940851765,1.2243411412284666,1.3792546394155742,-4.047077190616049,2.4615551114059686,0.24420416287155589,0
-2.037420194239838,2.7213535443808334,0.5917913574600207,0.6886836191761514,-2.3312629520674166,1.639503412989595,-1.4100797557712048,3.25149755756959,1.5726076261451212,0.28902125061506845,0
-1.2924556796181532,2.0085207508769773,-3.0868056469948773,-2.9722808838415435,-2.375296929411374,-0.8362658843160147,2.0802063162636757,5.320822879728769,-3.494520849158202,-1.1836372373271684,1
-4.277337884189974,2.0449162720577396,-2.6744099815484415,-2.1784746510924027,-0.8361398679574232,0.6407400389277951,0.5330700197150489,5.127590163193912,1.7195142727959436,-1.7724583859155203,0
0.17425696823563822,-1.2405365482344775,-1.7981462113166329,4.009564257745254,-0.5668618507074115,-3.3637946331882493,5.4369997269052,-4.370204741598907,-0.4521745189550965,-2.964024158818584,0
-1.3528421229019865,-3.055155943730428,-1.6338267210125883,-1.1970315783760208,0.7555243319290077,1.5959447613606883,-1.887162130646876,1.2438289227509072,-0.08458180548024041,0.20282746029940424,1
-0.9409293131657587,0.09610779099944722,-1.7541134316831895,1.006861903618676,-2.433007239996666,-0.6060416183172705,0.9863747822847025,0.11591979208038282,-1.7766110810185918,1.080233092015174,0
-1.0743174847727566,1.368233851054105,-1.4973597564668737,-1.2414314826057788,-0.8097224559577434,-0.47918687243495717,-1.6305983835537776,1.0347325171736304,-1.0226947853495965,3.2537149030015855,0
-1.0330307668158933,0.22348926303927108,-1.7077849411639043,1.1099161573028327,0.3602071063880299,1.1180051581972805,2.414399920822138,-1.6128044326347575,-1.3411750145529773,-0.5375726537184404,1
-0.6356147285368305,-3.344764751693733,0.25736124815583206,1.8590636899748874,0.9192475595459471,2.872181612034593,0.12931731120205825,-3.4552494354926573,0.7310934342113469,0.1510566577159691,1
-2.034299406031596,1.861278593537338,-3.826325761242878,-1.113572130110726,-3.2360314277303446,-2.478897951297912,2.1969358872263762,3.6035118219726976,-2.639978032541972,-0.092958686481876,1
-3.1431502719198865,1.401512145574019,-2.0492836076306222,-1.4713502774240965,-0.5143872485896808,0.9330839296252091,1.6661865649124783,3.71183278205318,0.9419299531980876,-2.5435297045490444,0
-0.6627701996417857,1.5845057465915564,-1.6733871388123358,1.3339291879764659,1.3501976688517199,0.26071437973862976,1.0054634892910206,0.03266347277002622,-0.715330717611034,-1.4397936829395301,0
-1.9343090484627201,3.0707721606850575,-4.695915325720968,5.060844043831157,4.646414485788961,-1.8907502013315765,1.8845335698761316,-2.7436871517023365,0.45486807931019135,-2.9019290410839065,1
-0.8210854242334832,3.355673942805012,0.07872496280342389,-2.1717948440513215,0.5466776871624539,1.0377839476563562,0.8686197824911772,0.0704058364252401,-0.32047655351041837,1.8032228522306284,0
-2.8285384177310346,1.8174649438253458,-1.5870504798535494,-2.591151420704682,0.9898026225663752,1.9082037078271852,-0.8646901725686567,4.556583504786673,1.1666271454561987,-1.385783507592638,0
0.34891657729866327,0.08058404485962234,-0.24344176523310002,1.2576721420252535,-1.3790482702160038,-0.4197012400199115,1.71755779225581,-1.9782386355149872,-1.4549160422084046,0.9268051547398158,1
-0.8213878709600944,-4.366431165092555,-3.75116279752772,-4.452921249808561,0.679716361058039,0.6360745069376732,1.7751036745165107,3.7427734136224964,-3.364907037438819,-3.08067879908827,1
0.28050483646296265,4.011457812595781,0.33105023298058334,2.2972398008247463,-0.9523768374520194,1.010839334919936,2.0582045113227028,-1.1284797287507493,-1.7592721603250232,0.37876000232632157,1
-3.9001712959937413,1.2594142426633947,-1.4307586831163968,-2.4604730435034456,1.1472333309034664,2.203477316678641,-0.4356528524913239,2.1369788005907266,2.6668051939556396,0.12245656532450488,0
-0.2031280223266523,-1.0887625154350389,3.0282034056802356,0.20559053172191044,-0.5093757410665429,1.8275452285537148,0.8416739476131252,-2.368674384243212,2.8976389070294974,0.10714105656182671,1
-0.21149946907578254,-2.3777664382556525,0.7208574561131826,1.6555429588155022,-2.102509939004676,1.7475044387600809,-0.3093440298845693,0.5631290702535808,0.05013325317783157,-0.9684253978569826,1
-0.019915806398304665,-0.7812930750429261,1.4911983508293858,-0.4398444665678366,0.6485133359111817,-0.21118346625828366,2.1650314348369486,-2.221007749077423,2.248170630666157,-1.1449931593122067,0
-0.581220475337674,3.8035008525246305,1.047727927287061,-1.5568728473685312,-0.4685362224063574,1.1476125186373474,-1.2495115960097936,-1.51334759820937,-0.19468258162305674,5.649711596346875,0
-0.12766910739131862,0.45749586150571253,-1.1375036730418409,-2.5120284677245053,-0.5161795624320674,3.004397402245202,0.6607419115970068,4.754035884545196,-3.5098092842511326,-2.1372572747440426,1
-1.2650284134725078,1.6234166339351113,-1.001969961612569,-1.2233340467313552,1.695074850420848,1.6091611943584678,0.06916749438833814,1.978260661449094,0.15308112545456698,-1.3229809072078835,0
0.12112183044495095,-5.50647242955241,2.7719945388281393,-0.708202101864398,0.6167716266418566,2.8109198210181323,0.006099781113136249,-1.6803540352534623,3.042853444744302,-1.889229839750159,0
-2.2485714600888222,-1.1570828750002242,-0.5505151012808478,0.40214497800465465,-2.6425629764976746,2.1481938254423882,-0.6691373863421348,1.0917263580906003,0.3196167528010896,1.2261883911919398,1
0.8047686895632825,3.6037006935175726,1.229546177201895,-1.043872060363819,0.3950035418694031,0.3506595522244702,0.6385516607101202,4.042596487745368,0.0036611683066538614,-3.327670263765583,0
-1.256928451075325,-0.8085681702384815,2.797916989542345,-3.566116352473143,-0.0258482250607317,-0.10518499380339019,1.3935890821413788,0.2595197886406068,5.083638371170416,-1.1807081409947047,0
-0.5215004711154881,2.2991354572944616,0.4041754478565083,1.2772069485378044,1.4234208776949662,-1.7153993420947338,2.328373441326638,-4.019604096713956,2.319507604498877,0.4902854805522586,0
-4.839506158392296,1.7559865939568375,-3.0644129754265226,-0.7978037474433972,-4.861608349765779,1.7184073661956716,-1.3083812716544383,6.088142985130576,-0.38206328682741486,1.55707734900559,0
-2.507543223077622,-0.9397701282246618,-2.5249223156011507,1.1954925782624137,0.24377838540267605,0.2477452358362775,-1.1170338472229426,0.2967171849876396,0.9144036158558584,0.3275960853165478,1
-2.9813949973647897,2.9027615294724436,-1.49912828087204,-1.4492353526912805,1.4484894506434935,1.0554245443270067,0.2385555292772964,1.3641968895802905,1.8073335799550274,0.09121856662944827,0
-0.1912358272103774,3.3561057611068215,0.13829629062510773,2.281720256824949,-0.009738469552447615,1.133908314950777,0.9634470932104543,1.599541228929707,-0.22810689843433518,-2.5532397104740694,1
-0.3537992655329933,2.1480350749279653,-1.8868580086852083,1.2394871431720902,1.7574335883810486,0.39693867445884246,1.636165394283224,0.7177780060824062,-1.3772857875177378,-2.5929655456558853,1
-3.568865027377547,3.4373887223730653,-2.1630349930858213,-1.8802235587038032,-0.9158384590128494,0.2778743673947319,-1.7332322253841617,3.8302125050250004,1.103253050156129,2.0288907796114977,0
-2.112255957236071,1.087538069700181,-0.973753216962562,-2.1257926816063963,-1.455005183343533,1.3655581411746631,1.1499001062574283,-0.17302352674442242,-0.6723659452552021,2.8470258141789513,0
-0.6617976704489216,0.7219432318616534,-2.678948987309883,1.9599901724754996,-3.0155274252983464,-0.9297982321080607,1.1557092582987019,6.738482932030743,-2.4367924017803895,-5.568408903388625,0
-0.7729300532894208,-5.009512157483841,0.10735957359159487,-0.36420849964155144,-1.109637432256365,3.055647035377937,-0.7633348500325969,2.321912027269441,0.2346692049622272,-2.5926340825282423,1
-4.4568453795195015,-0.43362467288235884,-4.609300985440618,-3.7064593558027186,-3.4348638945553995,0.46753357250018235,-0.7019904873301392,10.342652753688224,-0.9719194135432407,-3.057736226746457,1
-0.5734184645698924,-1.44426647840689,1.2675967042929748,0.7886957016111911,-0.8313188321081016,0.12538210254446602,1.5272607406529226,-3.180296601414909,2.0232043116990908,0.6559765308389542,1
0.5024766459900866,1.824771315655613,1.2252703024009994,-1.6687067003502545,1.3778163009770754,1.222936248846298,5.84657215808859,-4.1990156418452464,-0.6804158478616806,-0.5297201632438013,0
-2.149792765602081,-0.5041645457284196,-1.8923186819950968,-2.205280582511233,0.44475300409937524,0.8419449746518569,1.5984136515569998,0.49946295869206103,0.023418594160616646,-0.19365869596686702,1
-0.05805366941597158,-0.25675549406946496,1.259647275056961,-0.47548133444789165,-0.6967241478096522,1.8519444719215006,-0.8902322253736821,2.4091638767683454,0.585562699597814,-1.3273644579880723,0
-0.9951351224088075,0.3563903672011087,-1.0085032073381666,3.0823917005811885,-2.0563071033502265,-1.53302842092326,0.22926612476705066,-0.40034323016466117,0.5006221797911934,0.08803622442292247,0
-0.00947643041779905,0.017298780561900373,-3.4379718036935785,8.400439634148384,-2.4519386922040334,-6.639300977121895,0.6614769230606661,-2.9649452371942466,-0.3527222376375042,-0.5692490557055252,0
-4.48130109070139,-0.07143635960481132,-4.681870236858687,4.436109886889752,2.8562808209075627,-0.802486618028917,1.4750868717937813,-3.3488925372864053,3.089472914129738,-1.580459802879549,1
-0.8350500175740098,0.10828665282864369,-0.8054280521876308,-1.1889980512050018,-0.915172262551036,-0.446687675593628,2.424863604447541,-0.44444324137021074,-0.5231201609040363,0.11663633641826676,1
-5.714504870494754,-0.7061746528305783,-4.223384231725033,-0.5425967992932472,1.471052318416691,2.164766814282742,2.5815900331439168,-0.6358129691051468,2.2489774904541537,-1.0321748196243874,0
1.5934876148967676,-5.627639966453443,0.7605477962545264,2.3161607747213577,-2.0787952111184813,0.5891687465212969,0.7234275706763054,-1.7287343166608602,-1.3352976627440045,-1.4875408675242199,1
-0.20744632870714033,-3.1585783148354993,-0.8401540892811235,-0.7876080750274173,-0.14614593422080646,0.9989956006651194,1.4025069519327313,-0.4309668633617719,-1.084346307839009,-1.065855903909136,1
0.2245761279628926,-0.4652471950551582,1.1458075872101015,-1.6443260627101914,0.12403988616657025,-0.666218622520999,0.9328190693662528,1.6567733405178107,1.6666605826450818,-2.537932238269801,0
1.7601656000615518,1.9953459516499445,-1.3591295745529997,-0.3840434430181783,4.175238724445849,0.5333815777711258,2.783816253708655,-1.6617420014533917,-3.2959926219933724,-2.061716550267527,1
0.03723226128254633,-0.3180234294676648,3.6730204558098176,-1.8354821214201182,0.27414728239792563,-0.022075305465010242,2.9156007761403293,-4.2972387146471025,3.993359271687595,0.7257927188374234,1
1.0477138149803407,-0.6031632137116814,-1.5149539762193258,-0.6344403241948335,-0.7777309548853263,-1.009377156478368,1.9274271055546217,-2.1259908732088597,-3.853439841330659,2.1086564616887404,0
-3.0316018120444315,0.24392782147521053,-3.3846987925275664,2.6332679464371855,-3.9270068543497696,-1.4036827584017613,1.4977840616354827,1.907112485123178,-0.5657242678535803,-0.6691258190955349,0
0.6975155927978988,-0.8157567319866417,-0.5488690529547307,-0.6934683432629389,1.571200745023869,1.8482240758841881,1.3296863561016343,0.3253645902254296,-1.9931649580844386,-2.104344892293314,1
-1.977993931580649,-1.7375897089640884,-3.8124901523037567,-4.78215552846104,-0.899848499513643,-0.30882739575513174,1.4935922944997686,6.057778585567364,-2.3536068785728093,-2.7667457779875413,1
-0.9810780714569867,4.197672136713479,-2.062913693859655,4.823627367533936,1.5844690837676185,-0.3867522660407092,1.4290310033541538,-2.4319197859542343,-0.3863282825209079,-0.5775317859193317,1
0.2414378482773202,-0.6752837609011226,0.28784910093513316,-1.916383040322815,-0.3202845404367747,0.9274125379379015,0.43822584818508936,-1.4561127760783596,-1.2960553191496602,2.4985029081574694,0
1.4717679250433877,-0.05002845728873129,0.1486111934206138,2.7080560094637693,1.2157734028550644,-2.8547086211875308,4.229344569316436,-6.963317012147454,-0.041707561574178986,0.12257411803876805,0
-0.5156760329134641,0.23966982131610126,-1.976055961882142,0.08056182126071354,-0.7639813409859583,-1.139613992295533,3.5015145270274717,-1.7151066284502108,-2.0184925951176327,0.0734427085236874,0
-1.5942682477001806,0.09504827641527691,0.14083387650513401,-1.7427050913934652,-1.887626237341427,-0.8395122820331715,0.7774346867713828,4.629915651934457,2.30708394758624,-3.2637622340547523,0
-2.6519153873044474,2.6246290460450354,-1.7878968712247527,0.873308391378576,1.9269289875620248,1.3247046754384977,3.732835427617023,-0.8049801076909399,1.2531560025331454,-2.8186995294492183,0
3.7777290881194534,-4.285514159880645,1.8367267363340742,3.405425418987284,-0.44729282527349856,2.50210087684568,1.1601686620013254,-4.198962558704952,-3.8696360658617497,-0.7299531995291415,1
-0.178196011201983,2.5131443977811303,1.8737513845412845,-3.4036529307232644,1.0665022174159593,0.05095222827095047,0.21524647886441495,4.456763936498232,2.6907213736366504,-3.333600742941506,0
-4.1915225359464,0.5016330972079808,-1.7112409806616,-1.3029698569394634,-0.9733031594103567,3.5758417629548442,-1.3372075669655112,4.757568293992334,1.536148922567821,-0.8687010851090619,0
-3.169254121820715,1.9918411745203843,-3.024711533960932,2.1986953609939395,-1.8946527847585015,-2.1775376468832257,1.386786137594241,0.1346997032721885,0.9930651591951483,0.39726726326137074,0
-0.17732481067685865,1.3596493563898802,0.23149182004577606,6.559982640465472,0.0327285114470488,-4.1306457194069575,3.0438986154728216,-5.575338244956114,3.532311497843401,-1.8202006063784286,0
0.8749847077571334,0.5884223770816639,0.24463095266368695,1.4770192705283245,2.5416696931717784,0.19669645615636489,2.608152664832834,-3.449369784802881,-0.010686837804996907,-1.670014146930129,0
-1.5331480128216004,-1.4364760687121545,-3.133290238622337,1.0225802690829364,2.6299351519281906,-0.21732106501049153,0.6671844370516631,-2.10842061830505,-0.050377636997246844,-0.5167654804331068,1
1.8785491819219502,0.8335202256089868,-0.2945000252684603,3.7017664275390256,6.154971978622685,2.9802972657406634,1.449537528678158,-9.202986188718933,-2.321278858631081,1.9883200549073785,0
-4.103547867338913,3.7091664738041668,-3.86165659608399,2.2958774866596294,2.10879281350674,5.021830908472583,-0.45263262299303664,0.6409013392888745,-1.1904198958115484,0.5251965838737662,0
-0.30575939996686613,1.7782002424280337,-0.6919404533531432,1.415722398417933,-1.1210204580152214,0.37127243148059474,-0.9934369103735834,4.679484934601085,-0.6617952989573457,-2.88403224825241,1
-1.3390286061614738,1.5237939412806765,-3.227059924179093,2.8278804254671175,1.3676277638974674,-0.833225245277158,1.049543875871423,-0.7043266133772892,-0.8521815228773904,-1.2161249585335325,1
-0.011599300364694542,0.698046423443394,1.848270551514534,-3.7869045165491815,0.1421939113714379,0.3295869140269213,0.37557115479739966,2.9376257882558146,1.77889070005377,-1.575080641938555,0
2.4908368053217136,-3.222390151659738,-1.5578894890444805,0.8688380123096473,-2.462420145986137,-1.136961897332755,-1.6489948910465326,0.008095128703274458,-5.5886785605372,2.517363250810007,0
-0.9989810597777996,0.8781683609303113,-0.9140589900463308,1.0095525003610666,4.36058893222568,2.2479148571053353,0.659440860982401,-6.049849020517219,0.4388291040825806,2.622283348420139,0
-7.358793924764953,4.028145193152817,-5.631709090784339,-2.2493722784349286,2.5130241265334727,5.616968151871718,-1.2247598347220547,3.3936788558033175,0.4315650011601535,1.9762584799765537,0
-0.5986931736364796,-0.39827580405027496,-0.8967191402454623,2.708639755237325,-2.8308745740251813,-0.1988111008090344,2.0344242656242884,0.800068067968606,-0.9828252961560151,-2.113201308542974,0
0.5976902072941824,2.263614887140784,-0.3025773303237733,0.950283419581975,1.6783734371447139,1.5772115960140072,2.645150683642887,-1.9365693415559901,-1.986414876580274,-0.9158031027388784,1
-4.2218673503683135,-1.94863475596445,-4.133803794307906,-3.5589761959014576,-0.06584931820233442,1.9726423933280541,-0.6292389171792399,6.158558043538961,0.052432739271177864,-2.295880799432707,1
-0.6492770235118694,1.3900279241255094,-1.4848683975340018,-1.5121079189790172,0.607398524763165,-0.7689472857509783,2.567563741528626,-2.091731668164727,-1.2929355957704374,1.6473877056360575,0
0.4483371105101126,2.4527949822162585,-1.0144420910937,2.8091512286574325,0.35995685645842146,0.6926695616960359,2.8964890222502255,-2.3838454069467745,-2.6050785455884715,-0.5648828154197993,1
-6.665124820551338,-1.6306595542408404,-6.348360711755812,-3.9468230187463873,-4.567761224917245,0.04926394569071546,-2.1183232958008125,13.314406773684441,0.3228477318508711,-3.760287500399425,1
-2.2085712261686585,1.0303019591078582,-2.852384198352421,3.3470836855541077,-3.4968442925319008,-2.0058086239120896,1.4495453098915438,-0.30452867407880585,-0.8211030445972183,0.9645327244724823,0
3.0483219645376423,0.5554750047465045,1.763307783001304,0.339239177341772,2.3219374491536584,-1.1248305946058006,4.923243708401566,-7.2263550489415955,-1.444083196342656,0.4087345842750585,0
-1.2309845368261945,2.737814576928328,-0.9047920232230723,-2.938493133973207,-0.6893901688744617,-1.5646444785919527,0.4292278340051031,5.814838021803328,0.7647905268336905,-2.6021768325854753,0
-3.3402541262942305,-2.524681146921347,-4.093331789997507,-3.0274353480676948,-2.267858799921173,1.1290762136849206,-0.5803207631390925,7.998381782771497,-1.4088253079178987,-3.1418024921329537,1
-1.844133158921998,0.608532253409894,-2.116022665684219,2.469307936288474,1.8722180443371457,0.573549607102189,1.3870855756230065,0.04047732509213905,1.0759388366264382,-3.392147965214826,1
1.9025005890054574,-0.8207067885009756,3.933616440222192,0.010560076451852085,-0.6408598642245735,-0.10426485078462777,2.670359816307668,-4.389130368761264,1.619357315671655,0.38527177334607576,1
-1.816893016175765,1.6892496828268833,-2.794514064095533,0.08029361675440472,-1.7350377860401283,-0.7561443527067853,0.5682859785052838,2.566287088010331,-1.5740826105605927,0.10325692263707242,0
-1.5939872728457383,3.147922402110541,-0.044053168857334124,-3.9486460324484045,1.3460322559528453,1.5237767071647896,-0.17816297428617944,5.634771417297831,1.366762651464319,-2.6461581378293895,0
-0.5193363550101446,1.8286416022971945,-0.11086410725470042,-1.6700770481837481,3.625835582845452,1.3808327471557489,-0.36106268649536033,-1.6597886097769963,0.7676650120265367,1.330609698350202,0
0.32112658137244304,1.4170185200467258,1.6884015882392673,1.2958740296312221,-0.02448934333043795,0.2786779207758565,2.961883507820483,-3.5909468556569704,0.9774327431122218,-0.023332781370237532,0
1.2632873300103455,2.08375731073839,0.03823246294892102,-0.2490419699601485,1.9950649598232912,-1.5886492925672746,4.93707920388786,-6.181954621931345,-1.3383125098040445,1.3288013653752355,0
-1.95775477434811,0.8200680474590638,-1.572222305259266,-0.8026153938493219,-2.0322337025738912,-2.270805385664232,1.6853501971610692,3.96965304636498,1.2737157013140037,-2.956410973586477,0
-3.4773484445199063,2.0543819530963567,-2.390532583384084,-2.9538411390300103,-2.075809725809502,-1.8955117720617025,2.2754170653557626,7.575017224435239,1.940375990171847,-4.918050392448864,0
-3.2772430837349953,1.1852404484639605,-5.270386563667961,-3.0962011667433313,-1.950300245063231,0.7859828313484611,0.12460965043759353,8.37539897574554,-3.551953701213158,-2.0583768639059983,1
-2.019594811879964,0.8625799126895966,-1.7710579570974623,-3.686383403340201,-0.5250031759361784,-1.0041734317071058,2.6196218799715276,1.7194818174720052,0.0763632162776422,-0.30728799149215424,1
2.5520615235518793,0.06858731034074272,0.18923816519229542,-1.5800603083397853,3.351313293417541,1.7394169520053628,4.059641693794635,-3.7092427852280423,-3.8100954542739056,-0.9792681799419691,1
-4.0969111818164645,1.3185706616916972,-4.950463015158245,2.8572247383598124,-4.235604974515372,-2.014082520491545,0.736178786773503,4.168521711039609,-0.7075568143232511,-1.1439964897518493,0
-0.1378682285491072,0.10881188010350151,-1.056866258377759,0.31392394817213654,-2.5937413188837777,0.1875807630554278,-0.7048188005706857,1.101823841428733,-2.613662252880994,2.118152485085653,0
0.20865338953808554,-4.381110896205723,0.8142839410578038,2.4078292864956756,-0.7898543213334432,3.4508318038390953,-0.9044422211541494,-0.7526347200965336,-0.30391133981808605,-1.2953892025981513,1
-4.231110223270569,-0.04213563183105051,-3.1406562470164556,1.44523111717659,-2.869152129146823,2.7427516284596636,-1.9779103077033047,5.030500053503443,-0.06785213453674543,-0.514013421888468,1
-0.8310632192807497,1.7557538989067596,-0.661979155873177,-1.612271333240968,-0.8056625882984665,0.038865906245585724,0.040531929168495684,4.875591288798503,-0.16581058513995717,-2.341432144754665,1
-2.8575086344098604,0.6566007822224245,-2.8028805452430414,-1.4867131258566286,-0.9300941529679744,2.5737201009118964,-0.28740495803094124,4.7318585675372695,-1.412835638926953,-1.0362124450777608,1
-3.4083811117446134,2.125613726025395,-5.959584027373638,5.099937578851071,2.7712353317840703,-2.200153268337699,0.3912302607739565,-0.21532011089827477,0.7292935444219977,-2.6473011015087398,1
-0.6759524793149171,1.9798290933795721,-0.7055027364946904,0.7498097343007366,3.4739983523449527,3.47610087016387,1.017888507041189,-2.662802886612261,-0.8322643269054197,0.25572329166176155,0
-2.8881716352928084,0.16556683493668456,-4.732571113599072,4.310756722570142,-3.5297652418293923,-3.852703344601346,-0.5089960547290839,2.0503163682994283,-0.3602616362717944,-0.14809069937598118,0
-0.5787620775495693,0.17587311082944712,-1.5311835847462971,0.2846667734232421,-3.4505018600677397,0.658229066348694,-1.2548028979289758,2.970704151866232,-3.0986878149471853,1.6970084068348399,0
1.7615725938297448,3.076375562257987,0.657222590245099,0.9755286595630461,2.3797431872623727,2.2931376251755102,-1.2225075438484048,1.2162442832985634,-2.083287956837386,-1.118926838169243,0
0.4212258067244636,3.940628151320521,0.2040205892443807,-1.73186772449474,2.1074377164420026,-1.2913586017391459,1.3336278490046904,2.9193830140796453,0.766788343829296,-3.348483889676596,0
0.918385489399672,-1.052390205026494,-3.242336669975776,-0.9001797906859199,-0.1612413422907344,-2.028270558045294,4.234133428222485,-2.4896001358596798,-5.072178911369672,0.5444477746804035,1
2.110916070134516,-3.2325640439305836,1.8903986621952225,1.3759955406305524,-0.30160621848823166,1.0355047083367641,1.9579884454264616,-4.098602493283572,-1.0271679343364069,-0.2910063196715946,1
-1.8426906002493746,1.1855689864193901,-3.156274140658616,-2.4199645943631327,-2.018912148544543,0.5497643252516875,1.1625598954438225,2.8659828273381525,-3.4710746016710248,1.4289230997145559,0
-0.21098493505907612,-2.2202676163335293,-0.8270581786028683,-0.9671915849171326,1.2066636459655484,2.2026307572382704,3.102774473639107,-3.635138420050265,-1.843553708440255,0.39300278103308806,1
-1.1144025170431295,-0.7477828439255354,-2.32493192666349,0.3731076030863879,3.771100224065555,0.089605918393032,-0.3894367613323073,-1.248865784443753,0.7243109645237016,-0.9587156625747884,1
-1.21288840368891,3.853152571382546,-2.4839936038192305,2.233103036846023,0.9766739329039842,3.6729370636727117,-0.02556998738412708,4.728825683440078,-2.8816362406965634,-3.779831181240555,0
-1.6900428867958759,-1.0697343900896796,-2.088336126717972,-2.388560879435789,-1.783185946517394,-0.703291885977942,1.70279606698556,2.918158357816448,-0.7852990196252916,-1.2264961514908828,1
-3.367966979434793,0.44605092062856355,-2.1411090226683775,-0.188518127284519,-2.664028448653273,-0.6013804255377102,1.7343656986334102,5.456258776272191,1.6914761856430856,-4.270005089012274,0
-1.316688628477411,-0.5612007366247405,0.483246642570927,-3.083876385280419,-3.1619625469619503,-1.5969428779978867,-1.3421708783868675,8.039500554934415,2.501757453036232,-3.478226969187691,0
-6.677721611397277,0.15875288582391334,-2.460381621165519,-3.707053797140804,-0.2771679814453736,-0.5939383532936675,2.4081744838550776,1.8721204637306037,6.2376467218059215,-1.0120947644197713,0
-1.597362460241487,-1.8532721040228308,-3.572848378305431,-3.7941096891515422,-1.8681278795954155,0.5057569988636865,0.6993364640100161,7.358675398481391,-3.1789509072209508,-3.2873490164563335,1
1.0452959608419843,1.6554175122181192,-0.5812908938588395,1.7426114876528012,2.7438458356713507,0.8196262463114181,0.6115844817158864,0.44212299447663234,-1.1868172614735202,-3.2173116356697227,0
3.1017842020702675,-0.1667820037399903,3.2033785062867413,-2.076157233160604,0.543602324374594,1.3175696279785127,2.991044829659442,-2.043109248510092,-1.6813563851988562,-0.8141273628016639,1
-2.131144024149005,2.0542535968989886,-2.8415541371643744,5.235422917202021,-3.025694597946677,-3.535493505821678,-1.0344985787033516,1.090168530261972,0.8027785574617499,0.29511031852759506,0
-2.787137917005708,-0.25684044603934375,-2.307126966274356,-4.9709623153469344,-2.4037935272569815,-1.937392645596038,2.0757842991329714,5.464764330033407,0.5595938845666031,-1.8056078728793135,1
-2.8791725461030904,-0.7328297320116652,0.9214400888554715,-5.032641478661492,0.7262477027165508,-0.2434131614704258,1.8027047212736034,0.934180202250732,5.220704800465805,-1.0542566237014506,0
2.1139695507563236,-0.6546629104922426,0.7651219007604555,2.1608903346841704,0.40668699789091534,-1.646973832112477,3.011662373793689,-5.402518579267861,-1.1159950836845283,0.343642500693249,0
1.5629204332156366,-0.15831334278394382,-0.15749025249151305,-1.2586161295771081,2.579073381900199,1.7043732043549717,1.6364654177979978,-1.79526961116649,-2.7324216791855935,-0.3795623484287868,1
-2.815276254657397,0.14314900256589513,-2.870106997193561,3.109672454752609,0.7604625761959795,-0.08910939072860735,2.7844357962386086,-2.4703929027232387,1.1199198717889405,-1.5841135794132442,1
1.7103948474069737,1.2792250690370979,0.6756643746535522,-0.12693488329821156,2.303236488513197,1.202557619724945,-1.7203155865909547,0.3045212330216796,-1.327993302145594,0.11701635288652734,1
-0.9342844942592285,2.60946599044097,-1.7989094209082923,-0.3561538975661991,3.6070366857352183,2.6355520836148534,-0.4257703056374784,-0.09540072443724251,-1.30828079369515,0.2685407194035534,0
-2.2934964484197784,3.2656696871869433,-2.824252937020124,0.6252127444399114,0.14294222059647965,-2.5688190938393873,1.3030546837913017,-0.8707909533108342,0.5245716618914793,1.497510387586161,0
-0.9353205129703563,2.810477738643255,-1.1832604335579295,2.2165970669329047,-0.8756067223732726,-1.6855584749880554,1.0277417432170517,-0.4551424218227715,0.13774144372339792,0.2552863172164378,0
-4.033331560802349,0.9054510829075165,-1.3892830007467194,-1.6777912493674616,1.1375006661730476,1.5257682481048267,2.62163682333464,-2.013654513053114,2.89468096519916,0.8103130881137179,0
1.1750695804426161,-2.0033083256516875,1.872128674760987,-2.579592851450754,-0.6177451091401873,2.3735445654484097,-0.6665267106527797,-0.0702112980744078,-1.2321818691493116,1.6460194602203893,1
-0.012182235039984383,-0.8650669049946245,-0.8380512333117434,-2.422371207293465,-0.08321691781230578,1.1520482535763723,1.4164116637941129,2.081218926906013,-1.9746293169335072,-1.5174418108825662,1
-4.104691382575694,1.0716379777086478,-1.7583948216872893,-2.3777325746639435,0.35392904282602267,2.583803496365773,-0.5601006146354286,2.3337499828849837,1.9284961569118755,0.7742221993364016,0
-0.17338979145262812,-3.3502628579785876,2.9836376273496,1.7669936719406354,0.026701688905638843,3.6033985149358627,-0.45217229289660343,-2.8952315326591784,2.848201617289249,-0.41275171498411056,1
-0.36622458419280024,-0.42032210548335946,-2.196035082887948,-1.888892342614517,3.2747633888504333,0.8458974324797759,0.2912210683144525,1.068191475973386,-1.2635351990614625,-1.7315357643474074,1
-3.134127389398445,1.5074601674056587,-3.0754927900786666,1.2517014206606323,0.4591728278912919,-0.3433062888690961,3.8281159782506116,-1.1361589193947865,0.7216891824048844,-1.746638349323391,0
-0.49288475272520127,0.21175701369325417,-1.9363771333980595,2.073081885677661,-0.740992948424221,-2.2329488023632136,2.1627474833970615,-0.4786983897214361,-0.5783898569181745,-1.650014225417621,0
-7.164568993767766,3.175921302510702,-5.385605219201607,-4.427318327567338,-1.6525698977672287,0.4507688700442375,1.3865532817199768,10.021230083605767,1.9802778323394725,-3.9226266497233606,0
-0.6951710676432944,0.28064459307523026,-0.8107563014902347,0.642947241428222,0.31380791629052873,1.4349972540681577,-0.9049329338960233,1.4375502959478017,-0.43181210690197647,-0.6750334200904514,0
-2.0879101288505244,-1.6750948934911583,-0.44321528237354446,0.1084660001476434,0.7033443036402174,3.35941659155054,-0.34355669820381873,-0.33898548507496606,1.221865945563887,-0.25117129736020627,1
-0.19229027291094525,-0.8735224120238934,0.639349200451933,-1.5903659778147405,0.3582973391882891,0.23386153776159124,-0.6354748407500013,0.8683961363165779,1.1876851264026598,-0.26318057612179857,1
-1.66496512777387,-3.9070428098677654,-2.551129050556309,-0.9070332317960932,-0.7051183355326751,4.012995542286015,-1.7634310892961076,5.757701345305109,-2.2257832659453722,-3.2391530226439373,1
0.20854349576414508,0.6825449987638879,-0.4833418291273387,-1.2385903793251867,1.927845536015235,2.072195651635909,2.9351135871315304,-0.8105969723159355,-1.8004784217166685,-1.6707185764979515,1
0.7933674607435693,0.48553269179325687,-0.09733917642821421,3.337640658288256,0.2676323076576559,-2.479850016280461,2.544113078797887,-3.520930140001945,0.47555778354661604,-1.2618738884558747,0
-2.905388080136742,2.3081249557753303,-3.606795602846681,3.174976550018023,-2.3539285235468546,-3.024340101838901,0.2848601662712079,1.1455609624774927,0.4156253714411331,0.4147709212619739,0
-0.9375913938835684,1.5168474043148383,-1.2750294322161493,2.751357597419246,0.9972191330227353,-3.421197831764263,2.120162977426891,-3.3889179964255876,2.1364223185821816,-0.4662802205421006,0
-1.5564958436915515,1.7971531057619317,-2.117560846639888,0.37220532432832654,0.06484270742271714,-1.5607502640870632,2.9994927924304466,-0.7812731892876628,-0.032468414478615704,-0.7674288760871009,0
-3.0016843958445087,2.1759695105818357,-2.055525816084228,-3.6784820853420004,-2.104438509658127,-1.9650160929222875,1.1633547189660096,8.394939905690933,1.6508834555889487,-4.280636236348254,0
-5.354809005709279,-0.5636472060575779,-5.925937002322589,-4.083568771343348,-0.8594613663112848,-0.1548778763331493,0.47148538076234536,6.3465626495978045,-0.25296608430113043,-1.3586987785385314,1
-0.17244299482495645,1.075195692096831,-2.29655844647988,2.3587269497432426,-1.6113296989575203,-2.2523873037125117,-0.4253225791086823,0.9415065748435892,-1.9037915106443246,0.46051780234983897,0
-2.1364120907089585,1.6451913989823805,-3.1455689860037483,0.8246941658414457,-3.3350523792857554,-1.0622277076562556,-0.7950756037468654,1.9608461174520249,-2.188164088144153,2.9444770302148133,0
-1.7850109566380208,-0.6891134472813607,-1.4852185080306408,1.607958236072081,0.8530961569718858,1.2356648146758995,0.30908979804062187,-1.4399351639784013,0.7120166138619004,-0.15481525742849722,1
0.05698751207405474,-0.21376679214310113,-3.7347388701043656,-3.893847007002242,-2.17885591428873,-1.5953142358485684,2.713457311807374,5.7069847416094674,-5.472232388287109,-2.3394450676604013,0
-1.3609365021398323,0.9062822297772304,-1.79437447483572,2.2866346682487624,1.078789593219205,1.052589623864727,2.3046443427963363,-3.140344224657455,-0.622148566089491,0.07122881591759889,1
-1.7166936212425588,0.2243806390674593,-3.0638055505276887,2.356205380314318,1.0534806145100422,-0.728045556867704,1.0210436307813138,-1.1569405024903396,-0.19100229327292295,-0.8466222690019262,1
-1.5753011057617365,0.6891402266965971,-0.7304911221715296,1.280673096473306,-1.6796661466473064,-0.18005840452777044,2.273771227799781,-0.9513578524157223,0.47639453067257453,-0.1326691709677319,0
-0.2895461703379858,0.30906223435681746,-1.9614858775096402,1.5415275951769782,-1.5724491653436927,-1.767696278639411,3.6038222431774445,-3.17512220173016,-2.309680996421568,1.1365925138770387,0
-3.22323425302344,0.05633267412922227,-4.55962072744641,-6.090152785423653,-1.4957366550014566,1.2788075900540958,0.35148833608200003,10.519876515148516,-2.839554331249862,-3.667494303332217,1
-1.1345060633790551,1.398053103118771,-1.5643917900352253,2.733557036324977,0.8430781666436955,-0.16343419864913034,-0.9205779197238406,0.8653467341060095,0.6734756118801377,-1.3721596158444624,1
-0.986533136429732,-0.9975528511823211,0.18746864623476722,-0.9178182574157363,-0.7259973596890074,1.9220177859174608,0.6272687489088407,1.1046356123310301,0.2930004800205315,-0.8940148459108334,1
-3.4983742773041193,3.0737528855936938,-2.1429427697926013,5.777822287545452,-1.6141580212094642,-0.8968581906913955,-1.1025521415601398,3.1054813990179224,3.202060695504527,-3.0305024628262065,1
-2.413386577282725,0.6428003615310571,-4.0806209283487735,1.2472730288181617,3.262650169459745,-0.3373718389944196,0.3568219167348635,-0.08193201550150787,0.3272876817468371,-1.7217170788395733,1
0.1379118273302363,-1.9278960999165262,0.3933016196662462,-1.6804522660089405,0.1395469317364023,1.6808363962420125,-1.5874438864478964,0.749929336906563,-0.45453153212452213,0.9470617346281791,0
-2.1948281685335687,1.9824590836711766,-1.7507148605039757,2.382103689170431,-2.241782102760885,-1.271475147472478,-2.918395488800791,3.288211801740968,1.122201964851444,0.8226651826557836,0
-2.19379679337999,1.500911874454367,-3.7807112420490623,1.1545365571762407,2.3084147431823014,-0.8693746708245615,-0.07878934006161886,3.8464502196222305,0.6006744467716301,-4.468367579637443,1
-3.8931215889695263,0.5037929555178267,-3.304796182754965,-1.7136906516071977,-0.15282289288017625,0.550134519885826,0.5985595381119546,3.374051132307236,0.9300959028980609,-1.205965146365926,0
-3.510948771193036,-1.2654629502039452,-3.7073925862541235,-1.4364818827877055,-1.987646842765522,3.08308316176546,-1.4809607457467453,7.550485802068846,-1.6493510772515738,-2.484246797109931,1
-1.7689017910247575,-0.9185622003699627,-1.3502684916759777,0.6470167638073605,1.9915966512095253,0.7546368949985369,2.8740250669616962,-2.9795450468218085,1.3574804657455646,-1.4728877940569602,1
-4.053333999930503,-0.8211145371801569,-2.0911010599402196,-0.2566673656908811,0.06813054091325021,2.644588715981132,-0.6719099871380168,1.2796770558858843,1.9961492889096921,0.045224945413157025,1
0.28309680103444357,0.34557549195480974,1.039265787947408,-1.45251045910017,-0.3192825156974797,-0.37017595456165653,-0.040301588408907074,2.554380398589437,1.0082200940221009,-1.836954223895741,0
-1.0609418723464858,-0.4808663914664939,-1.9694687467250849,2.8315949417827855,-2.010709009138822,-2.1422310910354776,2.07291321652559,-1.415925588132755,-0.3609238804888312,-0.3990676284075405,0
0.6782405702359143,2.1203378402080144,0.46266719343843365,1.6981707198886395,-1.0195573412921237,1.0450183664823636,-2.1883585731718376,2.0912260380358467,-1.3454642850233378,0.5074644725911182,1
-1.8569814658881743,1.195932448282523,-1.2499888439776212,-4.380648429453245,-1.7902674830575083,-0.22067229876056005,1.483314313917842,5.623797200760775,-0.28442431030364435,-1.8272090496193953,1
-2.975936072955859,-0.8118744513855014,-4.462805166587943,1.5456901359837452,2.864058784171994,-1.0387367788771433,1.4260790172193794,-1.9051811037595394,0.9667276310048143,-1.3305372237875384,1
1.7064889142392956,-0.18376171868594482,-0.12123047246150886,-0.723939816460164,-1.8958861249586942,0.8531944367735738,0.8246152319664054,-0.786383975706219,-4.651515615024707,2.563289777190054,0
-3.0203733934465373,2.3068341475709655,-2.3943197511311647,-0.1608728977305658,0.8790894608133856,1.9629452448662752,1.5793137941491449,1.4757875105361868,0.20084499270179323,-1.3592897456792967,0
-2.0082805614011727,-1.6349746685859983,-5.140907296433927,1.805081048106396,4.636236331983521,-1.3717799463819778,2.0928589992368862,-2.9419139303456827,-0.09757152022566751,-2.4687849175353977,1
2.236035475348557,-0.48119812650265303,1.103915203648791,2.0196768393311046,3.14049660478075,0.947851558383576,1.535075543717613,-4.901271339309984,-0.8448258484308016,-0.6592234856411219,1
-3.7672216647384564,1.135841158106814,-4.994947628250288,-6.403605776170119,-1.3465081892170827,2.0112847161144627,-0.17816442544249034,11.82246754102546,-3.096828855383287,-3.661263663141313,1
-3.164416333445729,-0.4817117699891751,-1.8001412965025148,-2.677958845558923,-1.335522070071499,0.022076520747429274,0.2176061555723916,3.6580666414046346,1.5710557624022385,-0.7584788742811199,0
-1.300051762124925,0.7180919465641405,-2.4969748429339083,0.5361677747070777,2.0072777847461696,0.48024750157237883,1.0741944841848392,-0.22202921038821222,-0.6659238353799942,-1.2254739733011117,1
-0.936185530180653,0.7866138001916576,-1.505714683737154,1.718860095570132,-1.4061859303279602,-1.665080891637205,0.29229725096636605,-0.9711412497327249,-0.3361490264128646,1.528867100359115,0
2.8683369004588504,-2.677628601295567,3.664267339551639,2.3615315852649954,4.262170217151212,1.6260763260670237,1.356043591633211,-10.276961727353171,1.6516216083169963,1.8099329546110163,0
-0.6224166610952994,2.305700020772853,-0.9332088078180938,-1.4082490193150896,-2.4404360330199606,1.5819505994264351,0.6321643000625289,5.3079978180659895,-2.7869986613675124,-1.4098439859455116,1
-0.7738606083726679,-1.5137760687772905,-0.5183398222639051,-0.2809147538438116,-1.4613589968385061,1.052673507702841,0.6955212120079624,1.3004037476909598,-0.5614897305361211,-0.9690284508272595,1
0.6695185447078804,0.24151665523911736,2.361864592310865,-1.6746567740921168,0.04784852386237404,2.560348535359086,0.905508274778755,-1.0745557985440357,-0.030841440441132684,0.7836307375261825,0
-0.27378162934026246,0.8819302873964472,0.10215649074250344,2.7937055145835554,-0.3511980840952338,1.559761543983377,2.391560911800347,-2.67306101037452,-0.6233300649262776,-0.4886689245464284,1
2.2015095255710193,3.1881142262176674,0.2549872483410702,0.20150422948906388,2.5979902644272324,0.6874151840194084,-0.4905883443401122,1.7315746573235142,-2.3079976506880184,-1.9340670049856696,1
0.7090987140915844,1.2423132996440436,0.05911663282740709,-3.4597199664514235,-0.5024311157181575,3.0117386286787027,0.9834567398027364,5.306003005303971,-3.474684651088338,-2.5456523408093665,1
-1.1256103114789802,3.15359770718907,0.38384807165663304,0.543311065303641,-0.9447620449810515,0.28921350606899776,-1.694211266769142,1.1719921504584543,1.0974938101406475,1.9324680549453923,0
